1,423-28-1842,Walton,Jan,09/03/1998,wjan0@seesaa.net,Male,Software Consultant
2,114-27-0239,Wilie,MacAvaddy,12/09/1998,,Female,Design Engineer
3,878-24-5602,Addie,Gaukrodge,21/01/1973,agaukrodge2@timesonline.co.uk,Female,Media Manager III
4,757-58-4065,Kippy,Luttger,05/11/1963,kluttger3@is.gd,Female,Senior Financial Analyst
5,526-40-8526,Yule,Daice,19/03/1960,ydaice4@taobao.com,Male,Senior Sales Associate
6,366-39-1881,Barron,Voller,21/02/1966,bvoller5@facebook.com,Male,Programmer Analyst III
7,505-29-7042,Art,Tyres,12/01/2000,atyres6@simplemachines.org,Male,
8,455-80-9515,Caye,Bibby,23/10/1962,cbibby7@xinhuanet.com,Female,Account Coordinator
9,338-77-7860,Illa,Gilpin,15/07/1970,igilpin8@nymag.com,Female,Quality Engineer
10,776-49-9463,Waldemar,Norree,11/04/1972,,Male,Assistant Manager
11,585-08-1798,Ernst,Surmon,25/10/1979,esurmona@topsy.com,Male,
12,228-85-1568,Sherwynd,Ambrosio,17/05/2000,sambrosiob@scribd.com,Male,Senior Editor
13,733-18-0528,Mischa,Andell,06/11/1967,mandellc@163.com,Male,Chief Design Engineer
14,519-48-6997,Noby,Fursse,23/01/1956,nfurssed@hud.gov,Male,
15,604-97-6857,Sancho,Bentall,09/07/1958,sbentalle@ucsd.edu,Male,Actuary
16,265-42-5449,Gilly,Aksell,27/11/1958,gaksellf@zimbio.com,Female,Speech Pathologist
17,333-42-0082,Jasun,Zavattieri,05/01/1955,jzavattierig@buzzfeed.com,Male,Electrical Engineer
18,341-50-1820,Hank,Touhig,12/02/1981,htouhigh@ezinearticles.com,Male,Compensation Analyst
19,584-88-1920,Kathye,Fulop,10/07/1996,,Female,
20,527-85-2833,Magda,Algore,05/06/1978,malgorej@mapy.cz,Female,Computer Systems Analyst III
21,660-22-6165,Sibley,Kennefick,25/07/1992,skennefickk@deliciousdays.com,Female,
22,453-25-8790,Dun,Brussell,11/05/1995,dbrusselll@hc360.com,Male,Dental Hygienist
23,625-71-1158,Nate,Driffe,04/02/1985,,Male,Geologist I
24,883-96-2717,Darlleen,Rylands,18/08/1981,,Female,Marketing Manager
25,506-86-1950,Eugen,Leebeter,15/12/1965,,Male,Chemical Engineer
26,449-73-4907,Onfroi,Francke,01/05/1967,ofranckep@sakura.ne.jp,Male,Software Consultant
27,379-76-8709,Jerald,Brydie,09/06/1973,jbrydieq@si.edu,Male,Biostatistician II
28,633-55-9860,Gertrude,Hartington,12/04/1967,ghartingtonr@unblog.fr,Female,Accounting Assistant I
29,499-33-9813,Odella,Bleackley,24/10/1979,obleackleys@cbc.ca,Female,Sales Associate
30,231-07-9774,Raynard,Vitte,10/05/1953,rvittet@yahoo.com,Male,
31,617-42-4762,Emory,Dosdill,27/03/1950,edosdillu@live.com,Male,Programmer II
32,850-20-3627,Marieann,Beacham,26/10/1979,mbeachamv@shinystat.com,Female,
33,765-56-1770,Kaycee,Edwinson,31/05/2001,,Female,Geological Engineer
34,250-18-9500,Fidela,Feldon,05/10/1968,ffeldonx@imdb.com,Female,Help Desk Technician
35,580-84-5327,Berti,Reeder,21/11/1956,,Female,Cost Accountant
36,179-09-8373,Debbi,Statter,07/06/1951,dstatterz@cnet.com,Female,Web Developer II
37,680-83-5081,Arlan,Slyman,16/11/1949,aslyman10@google.pl,Male,
38,126-13-2814,Maryanna,De Few,03/10/1953,mdefew11@ebay.com,Female,
39,686-12-7182,Filide,Twinbourne,17/12/1977,,Female,
40,682-84-0168,Thebault,Bresman,25/02/1971,,Male,Operator
41,433-69-6090,Elly,Colclough,07/01/1981,,Female,Design Engineer
42,421-31-4085,Sinclare,McKillop,05/05/1952,smckillop15@com.com,Male,
43,409-30-4732,Minnnie,Sydry,17/02/1958,msydry16@nyu.edu,Female,Quality Engineer
44,150-15-6929,Willetta,Jentle,08/05/1996,,Female,
45,420-59-3565,Stephie,Kynson,12/05/1969,,Female,Programmer Analyst II
46,679-03-6851,Felipa,Tortoise,10/01/1964,ftortoise19@parallels.com,Female,Payment Adjustment Coordinator
47,571-17-7417,Jarib,Tacon,14/08/1993,jtacon1a@etsy.com,Male,
48,811-37-8271,Rem,Kehoe,22/10/1965,,Male,
49,346-26-7488,Waldo,Pendleton,09/12/1991,,Male,Developer II
50,876-53-8100,Yettie,Cadreman,03/12/1998,ycadreman1d@i2i.jp,Female,Web Developer II
51,658-53-1570,Nancy,Callinan,17/04/1960,ncallinan1e@reference.com,Female,
52,754-33-8833,Haleigh,MacCaughey,26/11/1953,hmaccaughey1f@ted.com,Male,Cost Accountant
53,103-58-0239,Salli,Sawkins,16/02/1987,,Female,Human Resources Assistant III
54,350-32-7809,Sibbie,Eytel,17/12/1992,seytel1h@tinyurl.com,Female,Web Designer III
55,789-77-0427,Bartholemy,Pawel,20/02/1960,bpawel1i@examiner.com,Male,Tax Accountant
56,892-02-7816,Morganica,Hellsdon,17/01/1958,mhellsdon1j@google.co.uk,Female,Speech Pathologist
57,563-87-0247,Tarrah,Cutbirth,16/02/1963,tcutbirth1k@rambler.ru,Female,
58,895-26-2090,Yehudit,Caldwall,09/03/1978,ycaldwall1l@webs.com,Male,Speech Pathologist
59,602-57-9825,Fran,Potticary,25/06/1963,fpotticary1m@webs.com,Female,Compensation Analyst
60,486-85-9628,Guilbert,Gooder,12/11/1990,,Male,Junior Executive
61,353-23-8905,Jehanna,Devenport,16/02/1953,jdevenport1o@instagram.com,Female,Occupational Therapist
62,763-70-7701,Carla,Wogdon,31/10/1984,cwogdon1p@ca.gov,Female,Structural Engineer
63,822-67-0447,Carri,Beswell,31/12/1969,cbeswell1q@delicious.com,Female,Staff Scientist
64,303-18-9198,Britt,Tainton,16/11/1985,btainton1r@zimbio.com,Male,General Manager
65,305-43-0201,Bette,Heath,26/11/1970,,Female,Account Executive
66,216-79-2849,Hyacinthie,Sante,26/10/1972,hsante1t@icio.us,Female,Help Desk Technician
67,142-75-5745,Torey,Marciek,02/02/1974,tmarciek1u@vkontakte.ru,Male,Speech Pathologist
68,390-24-9067,Skylar,Tomik,28/01/1999,stomik1v@storify.com,Male,
69,371-34-5573,Derry,Warlaw,20/01/1993,dwarlaw1w@salon.com,Male,Pharmacist
70,230-32-9459,Pearle,Cardenoso,15/03/1996,pcardenoso1x@bizjournals.com,Female,Research Associate
71,475-78-3326,Adele,Batstone,15/03/1961,abatstone1y@people.com.cn,Female,Recruiting Manager
72,729-71-9589,Ad,Fardy,22/03/1996,afardy1z@samsung.com,Male,
73,268-14-6832,Sergio,Pude,17/02/1965,spude20@diigo.com,Male,
74,291-24-5840,Bernadina,Swannack,05/01/1950,bswannack21@abc.net.au,Female,Office Assistant II
75,770-82-3163,Danyelle,Goakes,09/03/1953,dgoakes22@alexa.com,Female,Software Consultant
76,344-02-2932,Adan,Spurrett,14/03/1973,aspurrett23@drupal.org,Female,Account Executive
77,171-66-2114,Tarah,Walker,04/02/1956,,Female,Research Associate
78,451-92-4918,Angel,Simone,13/05/1963,asimone25@taobao.com,Female,Analyst Programmer
79,820-05-8006,Mario,Rockall,23/03/1979,mrockall26@hud.gov,Male,Occupational Therapist
80,276-06-2707,Alessandro,Stempe,29/03/1970,,Male,
81,512-20-9415,Wanda,Besson,16/10/1975,wbesson28@admin.ch,Female,
82,894-26-9180,Kingsley,Drinkhill,08/12/1978,kdrinkhill29@last.fm,Male,
83,631-48-0934,Jessalin,Pearton,24/03/1981,jpearton2a@biglobe.ne.jp,Female,Software Test Engineer IV
84,553-54-0579,Sileas,Berfoot,28/05/1962,sberfoot2b@smh.com.au,Female,
85,560-56-8537,Lezlie,Tebbit,13/10/1958,ltebbit2c@ovh.net,Female,
86,741-08-1931,Blondell,Lochhead,27/01/1985,blochhead2d@last.fm,Female,Software Consultant
87,456-61-5273,Tandi,Sambidge,02/12/1973,,Female,Web Developer II
88,160-90-0911,Alonso,Slevin,11/12/1957,aslevin2f@qq.com,Male,
89,438-71-6953,Merrilee,Danaher,24/01/1966,mdanaher2g@nifty.com,Female,Editor
90,640-58-8231,Oliy,Anthonsen,16/08/1973,oanthonsen2h@japanpost.jp,Female,
91,743-64-0377,Lynde,Coulthart,23/09/1964,lcoulthart2i@mit.edu,Female,Senior Financial Analyst
92,221-91-7888,Aleda,Tigwell,29/06/1982,atigwell2j@newyorker.com,Female,
93,685-93-7767,Delores,Arrighi,17/02/1991,darrighi2k@mayoclinic.com,Female,
94,875-68-4064,Bendick,Sinkinson,10/02/1993,bsinkinson2l@ycombinator.com,Male,Tax Accountant
95,266-77-6336,Homerus,Santer,17/08/1998,hsanter2m@imdb.com,Male,Director of Sales
96,736-92-7388,Pasquale,Earsman,21/02/1995,,Male,Staff Accountant II
97,116-67-2577,Willi,McAw,21/08/1954,wmcaw2o@reddit.com,Male,Developer I
98,411-79-2206,Darius,Bembrick,26/02/1987,,Male,Research Associate
99,771-53-1138,Alfons,Hourstan,13/05/1980,ahourstan2q@dyndns.org,Male,Structural Engineer
100,249-09-4167,Tore,Dysart,26/11/1963,tdysart2r@ning.com,Male,Executive Secretary
101,140-33-3292,Dorolisa,Sillick,17/02/1993,dsillick2s@creativecommons.org,Female,Editor
102,198-65-4532,Leslie,Areles,06/05/1986,,Female,Food Chemist
103,667-13-2578,Faun,Palphreyman,16/10/1964,fpalphreyman2u@cnbc.com,Female,Software Engineer I
104,428-34-4811,Grant,Karle,22/07/1982,,Male,Senior Financial Analyst
105,678-17-3016,Carilyn,Waples,01/09/1985,cwaples2w@dedecms.com,Female,Project Manager
106,221-36-7038,Yuri,Girodon,02/01/1999,,Male,Health Coach II
107,259-79-4939,Shelba,Butterick,20/05/1965,sbutterick2y@woothemes.com,Female,Help Desk Technician
108,199-85-4275,Townsend,Dowle,11/10/1990,tdowle2z@nationalgeographic.com,Male,
109,618-32-3666,Lonnard,MacDowal,27/11/1982,lmacdowal30@163.com,Male,Research Assistant II
110,550-41-8574,Truda,Hooks,23/11/1950,thooks31@ustream.tv,Female,Assistant Media Planner
111,261-44-2098,Verina,Boydell,29/02/1956,vboydell32@noaa.gov,Female,Occupational Therapist
112,742-69-0676,Nichole,Stolting,20/08/1951,nstolting33@wikimedia.org,Female,Payment Adjustment Coordinator
113,735-88-9375,Eleni,MacDonald,11/10/1990,emacdonald34@biblegateway.com,Female,
114,814-61-0676,Caldwell,Teanby,19/07/1995,cteanby35@tamu.edu,Male,
115,593-15-4498,Boris,Anslow,07/07/1953,banslow36@theglobeandmail.com,Male,
116,273-66-4860,Buddie,Wyman,29/12/1988,bwyman37@bizjournals.com,Male,Operator
117,140-69-3645,Tammi,Mulvihill,11/03/1980,tmulvihill38@ucla.edu,Female,
118,638-32-7908,Martainn,Broodes,28/02/1996,,Male,Professor
119,112-43-7703,Geoffry,Leynagh,13/11/2000,,Male,Data Coordiator
120,574-64-9196,Waite,Kleisle,11/06/1961,wkleisle3b@istockphoto.com,Male,Geologist III
121,157-30-5706,Collin,McKew,07/08/1975,cmckew3c@unblog.fr,Male,Product Engineer
122,698-86-4762,Fania,Aslott,04/09/1967,,Female,Biostatistician III
123,583-47-2278,Marianna,Toyne,24/08/1971,mtoyne3e@webeden.co.uk,Female,Web Developer IV
124,360-32-9096,Rhonda,Tolworthie,28/09/1955,rtolworthie3f@dell.com,Female,
125,668-46-3192,Marcille,Gallyhaock,15/09/1987,mgallyhaock3g@wordpress.com,Female,GIS Technical Architect
126,538-61-5274,Brandy,Baldock,01/02/1970,bbaldock3h@blogspot.com,Male,
127,654-43-9506,Sanders,Edgeley,04/03/1968,sedgeley3i@dagondesign.com,Male,VP Product Management
128,451-89-2020,Martainn,Ricardin,05/12/1998,mricardin3j@wisc.edu,Male,
129,830-79-1362,Siward,Cestard,30/03/1982,scestard3k@ameblo.jp,Male,
130,533-02-4137,Mateo,Kupec,21/12/1985,,Male,Legal Assistant
131,221-14-4240,Alexis,Stebbing,23/03/1958,astebbing3m@thetimes.co.uk,Male,Account Executive
132,584-73-6355,Ari,Chalkly,25/09/1996,achalkly3n@vkontakte.ru,Male,Civil Engineer
133,291-17-2231,Marlyn,Knibley,26/05/1992,,Female,Marketing Assistant
134,660-40-4229,Selma,Regi,31/05/1959,,Female,Biostatistician I
135,704-91-7864,Ignace,Montilla,17/07/1979,,Male,Actuary
136,586-12-8981,Don,Earengey,21/08/1957,dearengey3r@ezinearticles.com,Male,Administrative Officer
137,250-32-5724,Basia,Sellens,04/08/1979,bsellens3s@is.gd,Female,VP Marketing
138,505-94-4163,Constantia,Kliner,11/12/1981,ckliner3t@google.nl,Female,Recruiter
139,350-56-0155,Guntar,Riordan,11/04/1951,griordan3u@e-recht24.de,Male,Software Engineer I
140,461-71-3977,Jammal,Lenard,09/04/1997,,Male,
141,724-18-6349,Gracia,Gerin,16/03/1986,ggerin3w@istockphoto.com,Female,Financial Advisor
142,846-11-1943,Xenia,Hollyar,05/09/1953,,Female,Research Associate
143,875-64-5111,Jacklin,Wloch,04/02/1961,jwloch3y@shutterfly.com,Female,Senior Cost Accountant
144,400-50-8673,Johnathon,Cullington,10/08/1971,,Male,Paralegal
145,351-71-5593,Marieann,Fairlam,04/03/1999,,Female,
146,582-84-8181,Ingelbert,Huyhton,22/05/1973,ihuyhton41@nationalgeographic.com,Male,Community Outreach Specialist
147,854-74-8114,Electra,Goodisson,10/07/1997,egoodisson42@seattletimes.com,Female,Senior Cost Accountant
148,306-39-4926,Inglis,MacGebenay,05/10/1973,imacgebenay43@jimdo.com,Male,Associate Professor
149,343-62-8177,Cybill,O'Carran,19/01/1980,cocarran44@comcast.net,Female,
150,474-28-4347,Fabe,Hebborn,26/08/1988,fhebborn45@cmu.edu,Male,Desktop Support Technician
151,450-63-7241,Pasquale,Sugars,30/11/1967,psugars46@timesonline.co.uk,Male,Sales Associate
152,441-36-4602,Thatcher,Tarplee,07/05/1998,ttarplee47@squidoo.com,Male,Senior Cost Accountant
153,180-67-1038,Aurelie,Longhirst,28/10/1991,alonghirst48@dagondesign.com,Female,Speech Pathologist
154,461-15-5201,Randall,Arthan,31/08/1971,,Male,Assistant Media Planner
155,260-91-6432,Bradly,Ivery,27/06/1974,bivery4a@ted.com,Male,Nurse Practicioner
156,478-38-1622,Minny,Bosquet,07/11/1975,mbosquet4b@seattletimes.com,Female,
157,662-56-3256,Dalston,Prescott,24/07/1954,dprescott4c@mapy.cz,Male,Staff Scientist
158,504-45-1287,Ashia,Main,06/04/1991,amain4d@hud.gov,Female,
159,106-85-2782,Etan,Henner,08/05/1956,ehenner4e@over-blog.com,Male,Structural Analysis Engineer
160,158-67-1328,Ikey,Farndell,02/09/1979,ifarndell4f@tumblr.com,Male,Registered Nurse
161,359-31-9563,Alano,Blake,30/01/1965,ablake4g@trellian.com,Male,Junior Executive
162,356-79-6077,Faustine,Torrese,05/04/1995,ftorrese4h@weebly.com,Female,VP Quality Control
163,128-87-8622,Salim,Toombs,23/03/1998,stoombs4i@photobucket.com,Male,Programmer II
164,453-20-4020,Brewer,Hannay,14/03/1971,bhannay4j@nationalgeographic.com,Male,Senior Financial Analyst
165,559-41-5758,Robbie,Maher,30/08/1963,rmaher4k@usatoday.com,Female,Cost Accountant
166,728-18-0520,Shirlee,Fearey,26/08/1967,sfearey4l@desdev.cn,Female,Editor
167,859-84-5141,Clareta,Craske,25/07/1988,,Female,Mechanical Systems Engineer
168,615-56-8531,Zulema,Furse,06/10/1998,,Female,Cost Accountant
169,515-24-5911,Sile,Wilman,13/03/1950,,Female,
170,746-32-8325,Darwin,Wild,25/06/1952,dwild4p@google.de,Male,Librarian
171,319-25-1927,Ennis,McRory,22/10/1961,,Male,Financial Analyst
172,637-62-5323,Blakeley,Truett,27/06/1952,btruett4r@example.com,Female,VP Sales
173,717-77-4219,Thayne,Wapples,19/09/1998,twapples4s@bluehost.com,Male,Recruiter
174,463-52-0619,Waverly,Alves,02/08/1977,walves4t@aboutads.info,Male,
175,687-85-7083,Prescott,McNeish,21/12/1990,pmcneish4u@seattletimes.com,Male,Automation Specialist III
176,588-59-1234,Sherri,Rouff,14/10/1956,,Female,Developer III
177,636-61-7748,Magdalena,Lendrem,27/12/1972,mlendrem4w@lulu.com,Female,Clinical Specialist
178,173-56-3532,Arie,Tixall,24/03/1961,atixall4x@squarespace.com,Male,
179,836-21-6641,Lyman,Dennitts,29/06/1963,ldennitts4y@disqus.com,Male,
180,419-55-6780,Raoul,Lempenny,24/08/1951,rlempenny4z@tmall.com,Male,Senior Cost Accountant
181,593-27-4015,Harp,Bourdel,10/06/1963,hbourdel50@xrea.com,Male,Systems Administrator II
182,508-23-9790,Biddy,Verman,29/03/1964,bverman51@illinois.edu,Female,
183,391-06-7191,Ty,Heinssen,28/02/1981,theinssen52@mit.edu,Male,
184,573-58-1687,Thorstein,Domaschke,24/10/1970,,Male,Account Coordinator
185,780-53-3922,Marice,Artingstall,08/04/1976,,Female,Programmer III
186,867-77-2908,Hobey,Sondland,16/05/1986,hsondland55@baidu.com,Male,Pharmacist
187,176-31-8493,Keary,Cryer,17/08/1952,kcryer56@uol.com.br,Male,Tax Accountant
188,406-79-4081,Janaye,Ball,14/01/1975,,Female,Clinical Specialist
189,153-43-6970,Jerry,Klulisek,20/06/1965,jklulisek58@mayoclinic.com,Male,
190,538-65-4758,Jillene,Kime,02/02/1974,jkime59@4shared.com,Female,Social Worker
191,739-21-7676,Rivi,Guerner,22/11/1962,,Female,Senior Developer
192,518-61-4719,Kliment,Waldren,20/08/1965,kwaldren5b@comcast.net,Male,Research Nurse
193,704-61-5228,Tremayne,Doram,25/12/1967,tdoram5c@sogou.com,Male,Accounting Assistant IV
194,483-52-8193,Eartha,Curr,07/02/1972,ecurr5d@seesaa.net,Female,
195,216-73-9077,Nickey,Wass,16/02/1970,,Male,Financial Advisor
196,426-41-7663,Nissie,Durram,16/10/1974,ndurram5f@adobe.com,Female,
197,435-37-9037,Bing,Gowrich,07/11/1949,bgowrich5g@mit.edu,Male,Graphic Designer
198,154-04-8172,Dorris,Ranscome,21/08/1963,dranscome5h@privacy.gov.au,Female,Research Nurse
199,189-52-0521,Karmen,Edgell,17/05/1950,kedgell5i@smh.com.au,Female,Compensation Analyst
200,828-97-8751,Elvis,Ivamy,12/12/1981,eivamy5j@topsy.com,Male,
201,245-19-5889,Melvin,Sabates,04/06/1995,msabates5k@networksolutions.com,Male,Graphic Designer
202,347-17-4667,Engelbert,Mallam,07/12/2000,emallam5l@spotify.com,Male,Professor
203,261-31-8763,Lilli,Goade,03/09/1988,,Female,Administrative Assistant II
204,321-06-7391,Udale,Baroch,02/12/1985,ubaroch5n@mozilla.org,Male,Financial Analyst
205,441-30-4793,Arlette,Da Costa,14/04/1958,adacosta5o@goodreads.com,Female,Automation Specialist II
206,814-68-8803,Emalia,Bog,23/02/1991,ebog5p@nature.com,Female,Nuclear Power Engineer
207,488-75-2866,Emilie,Colebourn,13/03/1996,ecolebourn5q@sciencedirect.com,Female,Graphic Designer
208,701-60-1061,Austina,Peplaw,20/02/1964,apeplaw5r@comcast.net,Female,VP Product Management
209,200-77-2900,Huntley,Kittley,22/11/1969,,Male,Statistician II
210,495-38-8159,Gayle,Spawton,06/09/1994,,Female,
211,254-57-0259,Enos,Rustman,18/09/1965,erustman5u@usa.gov,Male,Registered Nurse
212,677-50-2255,Kelvin,Woltering,24/11/1953,,Male,
213,628-21-6926,Jeane,Zannuto,01/05/1975,jzannuto5w@wired.com,Female,
214,626-06-8369,Scot,Clemett,11/03/1966,sclemett5x@4shared.com,Male,
215,373-51-5797,Bronnie,Coxwell,08/11/1969,bcoxwell5y@linkedin.com,Male,
216,501-07-0130,Bogart,Schwand,29/10/1994,bschwand5z@51.la,Male,Data Coordiator
217,654-38-4165,Hamlen,Smy,11/07/1992,,Male,
218,784-17-5209,Dory,Trembley,25/08/1979,,Female,Structural Engineer
219,580-14-2269,Barnett,Rive,21/05/1960,brive62@creativecommons.org,Male,Assistant Media Planner
220,619-35-4741,Geno,Iacapucci,18/03/1977,,Male,Account Representative IV
221,530-51-0875,Blithe,Moohan,04/09/1994,bmoohan64@google.it,Female,Programmer Analyst III
222,612-54-9799,Pinchas,Blodgetts,18/01/1986,,Male,
223,538-99-8275,Luigi,Addeycott,17/05/1964,,Male,Social Worker
224,248-15-5735,Riordan,Norwood,11/10/1967,rnorwood67@microsoft.com,Male,
225,214-53-4484,Evin,Quinnette,03/09/2000,equinnette68@eepurl.com,Male,Nuclear Power Engineer
226,264-93-7500,Lilia,Quemby,22/03/1985,,Female,VP Accounting
227,768-49-1919,Arvie,Wasmuth,06/12/1974,awasmuth6a@gmpg.org,Male,Mechanical Systems Engineer
228,207-59-4653,Gerrard,Whickman,08/06/1972,gwhickman6b@deliciousdays.com,Male,Data Coordiator
229,808-74-1666,Marianna,Onele,30/11/1973,monele6c@nature.com,Female,Senior Sales Associate
230,681-15-9207,Jeramey,Provis,31/05/1956,,Male,
231,293-64-0733,Hadria,Biscomb,26/12/1952,hbiscomb6e@sun.com,Female,Technical Writer
232,516-20-7973,Philly,Biddiss,28/10/1953,pbiddiss6f@hexun.com,Female,Data Coordiator
233,704-50-1267,Cacilia,Seivwright,14/10/1989,cseivwright6g@vistaprint.com,Female,Editor
234,423-30-5125,Merilee,Daulby,15/12/1970,,Female,Pharmacist
235,520-76-1561,Jill,Shoorbrooke,30/01/1972,jshoorbrooke6i@aol.com,Female,Desktop Support Technician
236,110-17-5958,Marjie,Gutans,21/01/1953,mgutans6j@fotki.com,Female,Business Systems Development Analyst
237,304-73-9725,Trudie,Mahony,17/12/1979,tmahony6k@army.mil,Female,Financial Advisor
238,876-70-2823,Fiorenze,Heggman,16/01/1991,fheggman6l@altervista.org,Female,Paralegal
239,868-13-8502,Hashim,Schulze,22/06/1962,hschulze6m@accuweather.com,Male,Electrical Engineer
240,567-01-3892,Ginnifer,Carletto,25/10/1986,gcarletto6n@smh.com.au,Female,Accounting Assistant I
241,264-77-4558,Liana,Antic,14/09/1993,,Female,
242,648-15-1172,Justinn,Vineall,01/04/1984,jvineall6p@nytimes.com,Female,Software Engineer II
243,373-91-8068,Sheffield,Dinnington,26/10/1959,sdinnington6q@theglobeandmail.com,Male,Chief Design Engineer
244,197-67-4640,Bruno,Stebbings,21/05/1982,bstebbings6r@mtv.com,Male,Research Associate
245,388-84-9376,Wynn,McCrudden,25/07/1995,wmccrudden6s@bravesites.com,Female,VP Quality Control
246,301-35-5392,Missy,Santacrole,18/08/1952,,Female,Financial Advisor
247,391-58-0592,Antone,Carling,04/09/1956,acarling6u@springer.com,Male,Staff Scientist
248,825-77-8647,Pearle,Hynes,18/04/1950,phynes6v@fastcompany.com,Female,Recruiting Manager
249,126-31-1107,Pebrook,Clelle,10/04/1973,pclelle6w@prweb.com,Male,Account Representative III
250,275-01-4711,Dorette,Tatam,26/11/1959,dtatam6x@wordpress.org,Female,Health Coach III
251,252-93-8529,Gwendolyn,Bertie,28/06/1962,gbertie6y@ed.gov,Female,Librarian
252,743-66-1625,Pail,Akehurst,23/06/1978,pakehurst6z@google.nl,Male,Structural Engineer
253,487-70-1043,Marsh,Arrandale,22/06/1995,marrandale70@google.com.br,Male,Senior Cost Accountant
254,539-66-2097,Clem,Raywood,16/02/1978,craywood71@nymag.com,Male,Product Engineer
255,272-31-1860,Marlowe,Daniellot,16/04/1983,mdaniellot72@icq.com,Male,
256,524-46-3233,Waiter,Reglar,30/09/2000,wreglar73@ifeng.com,Male,Recruiter
257,248-25-8303,Lon,Ruse,25/08/1999,lruse74@gov.uk,Male,Senior Sales Associate
258,738-19-5572,Gwen,Kilbourne,29/09/1955,gkilbourne75@who.int,Female,
259,797-93-6742,Arnold,Girogetti,09/09/1970,agirogetti76@elegantthemes.com,Male,
260,105-52-6709,Con,Milesop,12/11/1963,cmilesop77@4shared.com,Male,Tax Accountant
261,516-37-2907,Odella,Scamadine,02/06/1987,oscamadine78@plala.or.jp,Female,Community Outreach Specialist
262,338-65-6132,Marlin,Roskeilly,27/05/1981,mroskeilly79@globo.com,Male,Web Designer I
263,749-02-0138,Milena,Cheal,09/07/1972,mcheal7a@yahoo.com,Female,
264,557-25-1174,Alma,Chitter,31/08/1994,achitter7b@craigslist.org,Female,
265,483-78-1479,Sandor,Blaney,10/10/1987,,Male,Software Consultant
266,277-36-1171,Eduardo,Langtry,23/11/1968,,Male,Senior Cost Accountant
267,895-54-0998,Danella,Merman,10/05/1989,,Female,
268,101-65-5339,Keeley,Sizey,24/06/1977,ksizey7f@hp.com,Female,Computer Systems Analyst IV
269,234-43-1180,Sela,Lettley,30/05/1984,slettley7g@dailymail.co.uk,Female,Research Associate
270,312-15-6010,Giovanni,Dominik,24/06/1995,gdominik7h@comcast.net,Male,
271,748-49-7837,Friedrick,Konertz,18/04/1994,fkonertz7i@miitbeian.gov.cn,Male,Sales Associate
272,212-98-9532,Cleavland,Fossitt,31/05/1954,cfossitt7j@nydailynews.com,Male,Data Coordiator
273,351-56-9788,Quinn,Warrener,01/05/1993,qwarrener7k@who.int,Female,Account Coordinator
274,794-25-2141,Clarie,Cawood,12/08/1964,ccawood7l@weather.com,Female,Programmer Analyst I
275,401-69-3707,Shepherd,Larret,26/01/1982,slarret7m@google.it,Male,
276,162-93-1113,Amandy,Robez,02/02/1965,arobez7n@clickbank.net,Female,GIS Technical Architect
277,660-44-9199,Ahmed,Dicte,12/02/1999,adicte7o@toplist.cz,Male,
278,261-71-6054,Calley,Fehely,07/02/1967,cfehely7p@studiopress.com,Female,Actuary
279,301-42-2925,Theodora,Collumbine,01/07/1963,,Female,Associate Professor
280,785-86-3646,Pattie,Aucourte,25/02/1961,paucourte7r@icio.us,Female,Geologist IV
281,433-93-9188,Merrielle,Shinton,11/05/1957,mshinton7s@oakley.com,Female,Physical Therapy Assistant
282,387-95-7781,Cordula,Cancott,06/12/1994,ccancott7t@mediafire.com,Female,Biostatistician I
283,641-70-9678,Hewitt,Alejo,14/05/1968,halejo7u@washingtonpost.com,Male,Recruiting Manager
284,523-21-7548,Caryl,Minshall,19/12/1953,cminshall7v@barnesandnoble.com,Male,Software Consultant
285,545-56-4095,Jesselyn,Antoniewicz,30/12/1961,jantoniewicz7w@behance.net,Female,Statistician III
286,566-27-2913,Morty,Metzel,12/10/1953,mmetzel7x@kickstarter.com,Male,
287,287-67-3698,Urban,Spriddle,02/10/1975,,Male,Food Chemist
288,559-35-8710,Francklin,Zarfat,21/04/1988,fzarfat7z@seattletimes.com,Male,
289,367-32-6350,Lindsay,Stailey,26/03/2000,,Male,Business Systems Development Analyst
290,762-99-3909,Kiley,Khristyukhin,22/07/1971,kkhristyukhin81@sun.com,Male,Paralegal
291,319-80-9598,Tammy,Frascone,29/11/1977,tfrascone82@digg.com,Female,Help Desk Technician
292,707-48-7424,Lem,Biesinger,18/12/1954,lbiesinger83@nationalgeographic.com,Male,Human Resources Manager
293,675-50-2802,Izabel,Stubbe,08/05/1970,istubbe84@360.cn,Female,Data Coordiator
294,699-52-3559,Ardeen,Castille,13/01/1981,acastille85@photobucket.com,Female,Environmental Tech
295,221-09-3708,Gretta,Hymer,12/11/1955,ghymer86@netscape.com,Female,
296,186-33-2600,Clarance,Oller,14/04/1968,coller87@histats.com,Male,Director of Sales
297,544-10-7741,Ashton,Bottrell,30/08/1965,abottrell88@soundcloud.com,Male,
298,190-79-7733,Gardie,Godthaab,14/05/1988,ggodthaab89@cargocollective.com,Male,
299,888-07-3978,Cecelia,Penning,12/12/1966,cpenning8a@nymag.com,Female,Research Assistant IV
300,208-64-8584,Fanchon,Isworth,04/11/1989,fisworth8b@go.com,Female,Design Engineer
301,136-21-5365,Kellia,Ever,14/11/1985,kever8c@vimeo.com,Female,Senior Developer
302,327-61-1303,Nathaniel,Riddick,16/01/2000,nriddick8d@answers.com,Male,Pharmacist
303,651-07-0500,Lodovico,Neggrini,04/07/1958,lneggrini8e@diigo.com,Male,Structural Engineer
304,838-58-5586,Netti,Sivier,18/03/1986,nsivier8f@howstuffworks.com,Female,Actuary
305,355-18-3482,Ike,Kynoch,08/04/1956,ikynoch8g@jigsy.com,Male,Accountant II
306,286-49-4218,Edie,Ornillos,08/11/1984,eornillos8h@goo.gl,Female,Director of Sales
307,232-56-8001,Granny,Mattaser,16/10/1968,gmattaser8i@rediff.com,Male,Operator
308,493-67-5702,Christabel,Andren,04/03/1958,candren8j@cocolog-nifty.com,Female,Information Systems Manager
309,120-56-2984,Cammie,Oloman,06/02/1990,coloman8k@xinhuanet.com,Female,Human Resources Manager
310,670-98-6302,Bennie,Dowgill,15/01/1996,bdowgill8l@mozilla.org,Female,
311,484-85-4112,Northrup,Barends,31/05/1966,nbarends8m@google.cn,Male,Community Outreach Specialist
312,283-66-2223,Jermayne,Danis,17/02/1974,jdanis8n@artisteer.com,Male,
313,325-25-4142,Zandra,Gladebeck,04/06/1980,,Female,
314,305-04-6267,Cherey,Thrasher,10/05/1976,cthrasher8p@cbsnews.com,Female,
315,538-34-8410,Gae,Silliman,26/10/1961,,Female,Food Chemist
316,690-42-9396,Van,Wardrope,03/03/1962,vwardrope8r@ted.com,Male,Developer I
317,227-22-8370,Janeva,Allwood,05/06/1951,jallwood8s@odnoklassniki.ru,Female,Associate Professor
318,669-63-3295,Dag,Heinssen,23/05/1988,dheinssen8t@fema.gov,Male,Social Worker
319,473-44-9736,Clementine,Peschmann,25/05/1971,cpeschmann8u@bbb.org,Female,Social Worker
320,610-04-7630,Putnem,Loomis,04/01/1983,ploomis8v@elegantthemes.com,Male,Engineer II
321,280-53-8629,Gregoire,Cripps,09/01/1952,gcripps8w@prnewswire.com,Male,
322,288-31-5601,Cathee,Darkin,20/02/1992,cdarkin8x@weather.com,Female,Statistician II
323,303-95-2244,Happy,Opdenorth,27/07/1978,,Female,
324,161-81-7734,Addy,Legerwood,30/01/1982,alegerwood8z@people.com.cn,Male,
325,140-41-4722,Enos,Brobyn,01/10/1954,ebrobyn90@1688.com,Male,Internal Auditor
326,244-12-7155,Remington,Gruby,19/09/1992,rgruby91@dailymotion.com,Male,
327,890-95-3857,Eva,Glanfield,05/07/1975,,Female,Sales Associate
328,238-99-5999,Norma,Skaife d'Ingerthorpe,19/08/1962,nskaifedingerthorpe93@macromedia.com,Female,Human Resources Assistant II
329,618-49-0844,Tab,Batte,16/03/1960,tbatte94@ftc.gov,Male,
330,103-65-5213,Germain,Wadman,23/01/1953,,Female,Associate Professor
331,758-12-4381,Ashien,Draude,07/11/1973,adraude96@chronoengine.com,Female,Geologist I
332,892-89-0396,Mario,Collin,29/03/1979,,Male,Help Desk Technician
333,748-86-5377,Katha,Onyon,27/07/1955,konyon98@earthlink.net,Female,Graphic Designer
334,545-31-6102,Dena,Woodland,17/07/1966,dwoodland99@admin.ch,Female,
335,418-43-7887,Shani,Josowitz,07/01/1984,,Female,Geological Engineer
336,777-16-8369,Vevay,Rossetti,05/09/1995,,Female,Database Administrator I
337,509-27-1642,Muffin,Schrir,05/12/1960,mschrir9c@ifeng.com,Male,Administrative Officer
338,557-36-4076,Sophie,Popland,06/12/1977,spopland9d@360.cn,Female,Human Resources Manager
339,705-73-7196,Omero,Allmann,13/02/1990,oallmann9e@list-manage.com,Male,General Manager
340,599-85-0331,Jean,Grundey,18/03/1951,jgrundey9f@ihg.com,Female,
341,346-53-8732,Codie,Mandell,07/05/1993,cmandell9g@japanpost.jp,Female,
342,167-09-3159,Chilton,Whorlow,10/02/1990,cwhorlow9h@phoca.cz,Male,Internal Auditor
343,392-89-3060,Lucretia,Ellice,24/06/1965,lellice9i@army.mil,Female,Developer I
344,100-77-0309,Chance,Craddock,09/06/1981,,Male,Recruiting Manager
345,749-26-7337,Cornelle,Timlin,11/03/1966,ctimlin9k@paypal.com,Female,Web Developer II
346,696-39-1915,Ximenes,Hawse,15/07/1981,,Male,
347,806-77-6561,Joshia,Caesar,17/11/1959,jcaesar9m@scientificamerican.com,Male,
348,564-78-6136,Thatch,Cabel,18/10/1972,,Male,
349,555-62-4943,Weston,Rosi,11/07/1982,wrosi9o@yahoo.com,Male,Human Resources Manager
350,637-85-1657,Tommy,Raincin,25/03/1991,traincin9p@telegraph.co.uk,Female,Executive Secretary
351,466-46-5034,Raimondo,Urrey,16/01/1960,rurrey9q@yellowbook.com,Male,
352,501-63-4975,Kial,Hodjetts,05/05/1992,khodjetts9r@twitter.com,Female,Business Systems Development Analyst
353,604-62-7735,Peggie,Topling,22/04/1969,ptopling9s@rambler.ru,Female,Physical Therapy Assistant
354,675-89-2346,Cristian,Scud,18/05/1978,cscud9t@moonfruit.com,Male,Junior Executive
355,404-37-9271,Fraser,Wickenden,13/01/1982,fwickenden9u@hud.gov,Male,
356,550-77-6548,Sebastiano,Borer,27/03/1963,sborer9v@symantec.com,Male,Web Designer III
357,542-04-4079,Shalna,Showen,04/12/1969,sshowen9w@cloudflare.com,Female,Product Engineer
358,854-07-2631,Thomasine,Adamovicz,06/12/1984,tadamovicz9x@blogs.com,Female,Civil Engineer
359,626-78-0075,Emilie,Webley,30/04/1975,,Female,Business Systems Development Analyst
360,545-08-4817,Rowney,Shayes,05/07/1998,rshayes9z@nba.com,Male,Accountant IV
361,164-05-4332,Vachel,Pedel,06/07/1984,,Male,Mechanical Systems Engineer
362,417-27-4043,Agnola,Jewson,10/03/1978,ajewsona1@reverbnation.com,Female,VP Sales
363,245-44-9361,Denys,Sickert,18/03/1974,dsickerta2@phoca.cz,Female,VP Accounting
364,113-76-3170,Any,Beentjes,07/02/1984,abeentjesa3@businessweek.com,Male,Junior Executive
365,308-74-6055,Julie,Drennan,20/05/1952,jdrennana4@walmart.com,Female,
366,868-16-9446,Daron,Rodson,02/12/2000,drodsona5@google.fr,Female,
367,716-66-0737,Blinny,Swaton,07/05/1977,,Female,Research Associate
368,287-02-1751,Beverley,Meineck,15/05/1971,,Female,
369,271-11-1144,Jeralee,Le Breton De La Vieuville,16/06/1972,jlebretondelavieuvillea8@parallels.com,Female,Automation Specialist II
370,197-64-4274,Liuka,Terrelly,27/12/1957,lterrellya9@wikipedia.org,Female,
371,762-53-4338,Ronnie,Gaydon,01/09/1985,rgaydonaa@51.la,Male,Senior Financial Analyst
372,787-66-6883,Thibaut,Drage,08/08/2001,tdrageab@biglobe.ne.jp,Male,
373,693-07-2507,Rodney,St Louis,10/02/1974,rstlouisac@ning.com,Male,Product Engineer
374,517-64-0261,Helli,Fossitt,29/11/1986,hfossittad@wordpress.org,Female,
375,128-56-3449,Dixie,Speir,14/03/1973,dspeirae@discovery.com,Female,Accountant I
376,790-12-1622,Filia,Tschursch,02/09/1959,ftschurschaf@mashable.com,Female,Computer Systems Analyst IV
377,341-64-3844,Derk,Peltzer,28/09/1986,dpeltzerag@creativecommons.org,Male,Senior Editor
378,700-01-0223,Nelia,Edwards,09/02/1965,nedwardsah@ask.com,Female,Assistant Media Planner
379,195-43-4414,Ursa,Chesser,10/11/1969,uchesserai@sogou.com,Female,Director of Sales
380,653-76-7244,Alard,McCue,28/12/1961,,Male,
381,324-91-2269,Hyacinthe,Eakley,03/08/1954,heakleyak@usatoday.com,Female,Pharmacist
382,556-87-6342,Amalita,Kyngdon,04/03/2001,akyngdonal@netscape.com,Female,Structural Engineer
383,182-08-2645,Raquela,Treleven,12/08/1997,rtrelevenam@deliciousdays.com,Female,Community Outreach Specialist
384,331-62-4559,Elmo,Wittleton,10/09/1977,ewittletonan@ycombinator.com,Male,Software Consultant
385,236-76-1190,Jessie,Van der Velden,26/04/1989,jvanderveldenao@twitpic.com,Male,
386,685-60-3497,Marisa,Maine,22/11/1981,mmaineap@bing.com,Female,Information Systems Manager
387,691-68-2979,Amye,Sigfrid,04/03/1992,,Female,Senior Cost Accountant
388,878-26-9004,Editha,Keizman,27/09/1950,,Female,
389,204-16-7203,Addie,Osbidston,14/11/1980,aosbidstonas@geocities.com,Male,
390,687-27-8018,Neale,Syphus,26/11/1951,nsyphusat@arstechnica.com,Male,Senior Cost Accountant
391,682-52-2087,Ancell,Regina,23/11/2000,areginaau@arizona.edu,Male,Accounting Assistant I
392,754-67-3684,Avictor,Barbosa,27/09/1989,abarbosaav@soup.io,Male,
393,446-28-8542,Sayers,Kedslie,05/04/1954,skedslieaw@ovh.net,Male,Marketing Assistant
394,652-28-0026,Jeddy,Jannings,12/11/1983,jjanningsax@mapy.cz,Male,Information Systems Manager
395,516-60-8931,Bert,Tubbs,28/01/1980,btubbsay@wikimedia.org,Male,Systems Administrator IV
396,158-12-6881,Shepard,Okroy,01/06/1952,sokroyaz@yolasite.com,Male,
397,145-89-2615,Gaile,Treven,30/08/1992,,Male,
398,245-01-3873,Bird,Gergler,14/01/1983,bgerglerb1@uol.com.br,Female,Teacher
399,651-23-1975,Ignacius,Portail,17/12/1956,iportailb2@dion.ne.jp,Male,Human Resources Manager
400,394-82-2919,Collin,McGloughlin,21/01/1994,cmcgloughlinb3@tmall.com,Male,Senior Financial Analyst
401,193-93-8452,Brianna,Druitt,16/01/1985,bdruittb4@usnews.com,Female,Senior Quality Engineer
402,764-38-4642,Ettore,Stygall,17/06/1987,estygallb5@imgur.com,Male,VP Quality Control
403,664-99-3788,Sheryl,Pywell,21/02/1985,spywellb6@shop-pro.jp,Female,VP Marketing
404,565-22-1524,Alidia,Dominguez,12/08/1969,adominguezb7@prweb.com,Female,
405,384-82-1201,Oralee,Frenzel;,05/04/1980,,Female,Occupational Therapist
406,594-19-4068,Junina,Allicock,21/01/1977,jallicockb9@ucoz.com,Female,Pharmacist
407,235-45-4760,Glen,Bernetti,02/04/1959,,Male,Account Representative II
408,463-71-3364,Valry,Ashleigh,11/04/1993,vashleighbb@samsung.com,Female,
409,866-15-4077,Pembroke,Tatteshall,21/09/1997,ptatteshallbc@nbcnews.com,Male,
410,318-17-3089,Clarinda,Eynon,03/07/1969,ceynonbd@prlog.org,Female,Developer II
411,417-83-5842,Killian,Hansley,18/06/1972,,Male,
412,182-34-3591,Vern,Covell,04/10/1962,vcovellbf@ask.com,Male,
413,195-88-6084,Giff,Shilvock,06/03/1982,,Male,
414,254-73-4356,Esdras,Colvin,01/08/1987,,Male,Staff Accountant IV
415,520-61-3241,Zulema,Tallet,20/09/1964,ztalletbi@dion.ne.jp,Female,Research Associate
416,649-93-3978,Chickie,Stobbes,20/04/1960,cstobbesbj@canalblog.com,Female,Web Designer III
417,833-87-0957,Averyl,Rathbone,11/12/1973,,Female,
418,445-79-9331,Emmie,McLeman,16/01/1997,,Female,
419,596-70-9715,Aharon,Mitchel,07/04/1980,amitchelbm@free.fr,Male,Legal Assistant
420,348-37-0411,Maria,Ryder,29/12/1969,,Female,
421,701-17-6383,Amabelle,Yockley,13/05/1985,,Female,Media Manager I
422,420-30-7024,Demetri,Eric,03/01/2000,,Male,Associate Professor
423,233-59-3668,Ralf,Kennet,29/06/1984,,Male,
424,756-58-9596,Moe,Glaister,13/07/1965,mglaisterbr@hubpages.com,Male,Human Resources Assistant III
425,688-85-6537,Camilla,Henrys,30/05/1968,chenrysbs@drupal.org,Female,Chemical Engineer
426,449-19-4567,Rosalia,Fright,09/02/1981,rfrightbt@google.com.au,Female,Occupational Therapist
427,757-26-2721,Merla,Horbart,11/02/1969,mhorbartbu@wp.com,Female,Product Engineer
428,794-57-0392,Prisca,Trippitt,04/07/1952,,Female,Recruiter
429,108-18-7346,Carlyn,Thebe,05/04/1959,cthebebw@nymag.com,Female,Media Manager II
430,145-25-6450,Ludwig,Thickins,07/07/1971,lthickinsbx@princeton.edu,Male,
431,478-54-6309,Mia,Mackiewicz,04/08/1961,,Female,
432,397-42-7091,Hyacinth,Willimot,07/11/1970,hwillimotbz@tinypic.com,Female,Software Consultant
433,850-14-8955,Benedick,Pendrigh,17/10/1978,bpendrighc0@friendfeed.com,Male,
434,233-34-4242,Zebadiah,Carnalan,03/11/1968,,Male,Community Outreach Specialist
435,517-26-8621,Elsworth,Jockle,26/05/1970,ejocklec2@nature.com,Male,Social Worker
436,438-25-7079,Annaliese,Strothers,13/08/1967,astrothersc3@epa.gov,Female,Product Engineer
437,817-56-5613,Emmalee,Craigs,22/05/1999,ecraigsc4@yahoo.co.jp,Female,
438,253-02-1800,Timofei,Grundy,15/06/1999,,Male,
439,440-33-0230,Moyna,Speere,12/11/1969,mspeerec6@pinterest.com,Female,
440,189-25-3861,Arlan,Brinklow,19/03/1957,abrinklowc7@harvard.edu,Male,Help Desk Technician
441,265-74-0308,Jilly,Bonsale,04/10/1962,jbonsalec8@ask.com,Female,Editor
442,364-17-2153,Belva,Liggins,03/03/1998,bligginsc9@ibm.com,Female,Quality Control Specialist
443,185-25-2915,Ruthie,Odam,22/03/1996,rodamca@yolasite.com,Female,
444,129-16-4230,Gabi,Ferrar,25/05/1957,gferrarcb@icq.com,Male,Web Developer I
445,555-92-2544,Gregory,Wisdish,17/06/1965,gwisdishcc@cbslocal.com,Male,
446,186-85-4935,Hermie,Grioli,02/04/1966,hgriolicd@wiley.com,Male,Business Systems Development Analyst
447,851-26-9766,Dion,Flanner,04/12/1959,dflannerce@e-recht24.de,Male,Operator
448,325-57-6655,Therese,Peddowe,02/06/1999,,Female,Health Coach III
449,754-15-1943,Kennan,Toope,21/08/2001,ktoopecg@meetup.com,Male,
450,685-62-4952,Clary,Andriveau,18/08/1961,candriveauch@mediafire.com,Female,Human Resources Manager
451,463-89-2224,See,Napoli,11/11/1959,snapolici@techcrunch.com,Male,Operator
452,509-44-9423,Zak,Alexandre,16/06/1956,zalexandrecj@ezinearticles.com,Male,Structural Engineer
453,418-43-6823,Magda,Tallis,27/04/1988,mtallisck@hugedomains.com,Female,Registered Nurse
454,710-10-8305,Rickey,Lopes,30/09/1954,rlopescl@cbsnews.com,Male,Geologist IV
455,581-08-2125,Nedi,Teodorski,16/03/1977,,Female,Civil Engineer
456,788-95-2760,Nissie,Georgel,10/01/1973,ngeorgelcn@theglobeandmail.com,Female,Help Desk Operator
457,892-70-2003,Aylmar,Tomadoni,31/03/1986,atomadonico@mapy.cz,Male,General Manager
458,713-38-8963,Guntar,Baitey,12/08/1959,gbaiteycp@booking.com,Male,
459,661-28-9412,Catlin,Borrie,28/07/1987,cborriecq@godaddy.com,Female,
460,621-95-9918,Delaney,Aulsford,17/07/1976,daulsfordcr@google.es,Male,Software Engineer IV
461,770-23-5284,Arlen,Ivanishchev,08/08/1980,aivanishchevcs@sphinn.com,Female,
462,424-67-6455,Con,Brandham,02/09/1986,cbrandhamct@timesonline.co.uk,Male,
463,702-70-9620,Ban,Dollimore,03/10/1961,bdollimorecu@wufoo.com,Male,Compensation Analyst
464,558-78-8475,Ave,Gunther,17/04/1954,agunthercv@furl.net,Male,Internal Auditor
465,791-71-8428,Adolf,Ronchetti,21/06/1980,,Male,Junior Executive
466,537-60-0691,Hillier,Minchin,02/06/1998,hminchincx@epa.gov,Male,Director of Sales
467,268-54-7144,Cloe,Mawman,28/07/1950,cmawmancy@pbs.org,Female,
468,402-24-7235,Charlton,Vanlint,25/09/1996,cvanlintcz@amazon.com,Male,
469,872-40-3776,Aymer,Bellward,15/01/1959,,Male,Electrical Engineer
470,649-63-6741,Bartholomeo,Grumell,12/02/1976,bgrumelld1@wordpress.org,Male,Geological Engineer
471,730-79-2899,Melisenda,Petronis,09/06/1986,,Female,Administrative Assistant III
472,183-92-4741,Esther,Surgison,11/09/1983,esurgisond3@storify.com,Female,Payment Adjustment Coordinator
473,797-07-7286,Teador,MacChaell,04/06/1988,,Male,Business Systems Development Analyst
474,625-40-8802,Elia,Kristoffersson,25/11/1980,ekristofferssond5@dagondesign.com,Male,Statistician IV
475,318-76-1535,Bobby,Tabbitt,24/03/1999,btabbittd6@businesswire.com,Male,Human Resources Assistant III
476,696-56-6796,Allison,Chick,10/05/1950,achickd7@pcworld.com,Female,Information Systems Manager
477,852-45-6793,Ricky,Redihough,23/02/1955,rredihoughd8@blogs.com,Female,Geological Engineer
478,859-30-7367,Noland,Scriver,13/08/1969,nscriverd9@google.com.hk,Male,Structural Engineer
479,694-81-3382,Wally,Wybern,06/03/1977,wwybernda@nasa.gov,Female,
480,730-08-7468,Mendy,Schops,04/12/1957,,Male,Administrative Officer
481,717-57-4545,Ware,Gwynne,05/04/1956,wgwynnedc@guardian.co.uk,Male,Programmer III
482,799-82-8428,Anstice,Condict,01/09/1984,acondictdd@de.vu,Female,Teacher
483,250-20-8811,Syd,Foulks,01/07/1999,sfoulksde@indiegogo.com,Male,
484,560-47-7150,Kennith,Azam,09/01/1956,kazamdf@wikimedia.org,Male,Marketing Assistant
485,159-13-6899,Stephine,Westrip,06/06/1961,swestripdg@amazon.com,Female,Administrative Assistant I
486,487-97-9989,Gloria,Varey,08/11/1994,gvareydh@amazon.com,Female,
487,638-69-8580,Geordie,Swanston,23/06/1985,gswanstondi@cyberchimps.com,Male,Help Desk Technician
488,854-86-3259,Kalie,Gethen,18/04/1982,,Female,Biostatistician I
489,384-19-5996,Isabel,Judd,28/07/1953,ijudddk@npr.org,Female,Health Coach III
490,825-25-5438,Aldous,Ostick,09/05/1954,aostickdl@mapquest.com,Male,
491,378-31-6140,Durand,Haygreen,18/12/1958,dhaygreendm@nymag.com,Male,Professor
492,228-45-0922,Felicia,Fike,14/05/1986,ffikedn@youtu.be,Female,Librarian
493,540-04-7097,Bax,Puller,22/02/1969,bpullerdo@creativecommons.org,Male,Programmer Analyst II
494,387-55-7859,Berty,Dies,21/03/1980,bdiesdp@csmonitor.com,Female,Speech Pathologist
495,188-69-0540,Sofia,Bynert,12/05/1984,sbynertdq@t.co,Female,Accountant IV
496,800-31-9127,Creighton,Haversham,08/06/1964,chavershamdr@wiley.com,Male,
497,146-43-0836,Gabbi,Bollard,10/01/1986,gbollardds@google.com.au,Female,
498,431-52-6743,Danny,Dashkov,22/08/1953,,Male,Geological Engineer
499,250-78-1958,Valentino,Thackwray,06/08/1975,,Male,Professor
500,709-86-4879,Haleigh,Lepoidevin,05/11/1998,hlepoidevindv@omniture.com,Female,
501,227-85-2476,Nora,Menure,01/12/1949,nmenuredw@posterous.com,Female,Analyst Programmer
502,211-53-0412,Clint,Bosher,24/02/1954,cbosherdx@oracle.com,Male,
503,384-32-7452,Leda,Bartot,28/11/1987,lbartotdy@walmart.com,Female,Geologist III
504,186-93-1966,Dudley,Nesby,30/08/1985,,Male,
505,370-85-8636,Rollins,Exer,03/03/1990,rexere0@who.int,Male,
506,581-31-3907,Cly,Muneely,12/01/1985,,Male,Technical Writer
507,778-49-4711,Toddy,Verrall,13/06/1985,tverralle2@dot.gov,Male,Software Consultant
508,294-05-0260,Barde,Bronot,12/08/1954,bbronote3@goo.ne.jp,Male,Account Coordinator
509,515-41-7803,Hort,Cowper,15/05/1953,hcowpere4@bravesites.com,Male,
510,124-25-0183,Barb,Campes,19/07/1994,,Female,Senior Sales Associate
511,765-10-6164,Kahaleel,Sadat,11/02/1953,ksadate6@eventbrite.com,Male,Technical Writer
512,761-07-2986,Tessa,Caple,08/03/1954,tcaplee7@mysql.com,Female,VP Product Management
513,632-24-8537,Thea,Branscombe,20/03/1982,tbranscombee8@imdb.com,Female,Assistant Professor
514,198-09-1707,Janel,Klos,21/09/1978,jklose9@google.nl,Female,Assistant Media Planner
515,182-48-8256,Marv,Worrell,18/07/1950,mworrellea@cdbaby.com,Male,Environmental Tech
516,278-17-6174,Wernher,Bloss,08/04/1999,,Male,Assistant Manager
517,186-74-8144,Malia,Ledingham,05/08/1982,,Female,Director of Sales
518,807-78-6074,Nikkie,Siggin,27/04/1985,,Female,Analyst Programmer
519,890-08-3864,Blaine,Winsom,24/07/1964,bwinsomee@topsy.com,Male,Administrative Assistant I
520,801-10-2680,Rockie,Helder,10/05/1962,rhelderef@seesaa.net,Male,Media Manager IV
521,803-06-7287,Dominick,Ballentime,29/03/1969,dballentimeeg@china.com.cn,Male,Compensation Analyst
522,370-70-3441,Robin,Siemantel,07/11/1976,rsiemanteleh@1und1.de,Male,Accountant I
523,863-89-0205,Margareta,Fidoe,12/05/1968,mfidoeei@redcross.org,Female,Associate Professor
524,348-04-5283,Prent,Hardaway,09/07/1961,phardawayej@tiny.cc,Male,Account Executive
525,102-92-9487,Alfonse,Scoterbosh,22/03/1983,ascoterboshek@1und1.de,Male,Editor
526,623-08-1955,Hanna,Clemintoni,29/11/1964,hclemintoniel@over-blog.com,Female,Speech Pathologist
527,348-29-1910,Norbie,Jojic,25/10/1979,njojicem@canalblog.com,Male,Automation Specialist II
528,304-24-9278,Isacco,Odegaard,19/10/1996,iodegaarden@psu.edu,Male,Sales Representative
529,828-30-8749,Bevon,Stanlike,21/09/1967,bstanlikeeo@tripadvisor.com,Male,Office Assistant III
530,845-45-7099,Ricardo,Farr,01/06/1950,rfarrep@slashdot.org,Male,Structural Analysis Engineer
531,647-85-5020,Gawen,Middle,23/12/1953,gmiddleeq@ca.gov,Male,Project Manager
532,821-48-2970,Sherwin,Pagden,04/10/2000,spagdener@domainmarket.com,Male,Statistician III
533,201-34-4376,Alexandrina,Terrill,09/11/2000,,Female,
534,393-38-6929,Ranice,Golling,01/10/1971,rgollinget@hugedomains.com,Female,Food Chemist
535,787-96-5726,Lindsy,Kenewel,03/02/1998,lkeneweleu@oakley.com,Female,Biostatistician I
536,385-78-9568,Frederic,Mariet,29/07/1951,fmarietev@disqus.com,Male,VP Marketing
537,104-46-5570,Annaliese,Ruperti,28/11/1966,,Female,
538,262-41-0319,Blakeley,Kain,30/01/1958,bkainex@seattletimes.com,Female,Systems Administrator II
539,577-47-9649,Jelene,McKevany,07/05/1995,jmckevanyey@yahoo.co.jp,Female,Data Coordiator
540,727-43-9369,Axe,Gronaller,23/11/1997,agronallerez@chicagotribune.com,Male,Software Consultant
541,286-79-9974,Pinchas,Cowdroy,23/03/1998,pcowdroyf0@mtv.com,Male,Civil Engineer
542,471-39-7981,Torrence,Laverty,16/09/1951,tlavertyf1@umn.edu,Male,
543,333-65-8329,Chrystal,Mayell,08/11/1982,,Female,Account Representative III
544,585-02-2062,Ennis,Kuna,12/11/1949,ekunaf3@un.org,Male,Marketing Manager
545,264-81-0399,Ezri,Kearn,09/09/1992,ekearnf4@opensource.org,Male,Senior Sales Associate
546,822-66-5094,Nicole,Dives,02/01/1960,ndivesf5@usgs.gov,Female,Systems Administrator IV
547,628-51-9288,Charleen,Mullins,18/04/1979,,Female,Paralegal
548,662-02-5890,Walliw,Elloway,20/04/1962,wellowayf7@msu.edu,Female,Chemical Engineer
549,700-81-4743,Rupert,Henderson,02/07/1958,rhendersonf8@simplemachines.org,Male,Data Coordiator
550,604-44-5671,Cristabel,Taunton,09/07/1968,ctauntonf9@usa.gov,Female,Marketing Manager
551,686-51-6778,Northrop,Pudsey,22/03/1992,npudseyfa@google.com.br,Male,Dental Hygienist
552,624-83-2870,Mata,Van Dalen,18/08/1973,mvandalenfb@yale.edu,Male,Product Engineer
553,374-31-1460,Mable,Twitchett,29/03/1957,mtwitchettfc@ifeng.com,Female,Civil Engineer
554,447-33-0792,Janot,Payn,04/03/1978,jpaynfd@upenn.edu,Female,Account Representative I
555,814-49-2011,Chelsy,Brockest,18/04/1997,cbrockestfe@hud.gov,Female,
556,463-01-3498,Fidel,Jayume,11/10/1993,fjayumeff@t-online.de,Male,Engineer II
557,369-58-9072,Brnaba,Pach,20/04/1954,bpachfg@weibo.com,Male,Actuary
558,802-03-8363,Gris,Lezemere,24/03/1992,glezemerefh@sina.com.cn,Male,Clinical Specialist
559,109-63-4836,Manfred,Lennarde,07/03/1965,mlennardefi@163.com,Male,Electrical Engineer
560,632-78-2966,Aida,Rance,19/11/1951,arancefj@ebay.co.uk,Female,Web Designer II
561,413-33-7583,Kristofer,Fiennes,17/11/1984,kfiennesfk@theglobeandmail.com,Male,Web Developer II
562,201-04-6832,Marcella,Barehead,23/05/1963,mbareheadfl@angelfire.com,Female,Quality Engineer
563,494-28-6145,Cherri,Hilhouse,05/01/1990,,Female,Chief Design Engineer
564,637-41-2239,Sadie,Larvin,23/05/1976,slarvinfn@furl.net,Female,Nurse Practicioner
565,208-38-0333,Celie,Bault,30/04/1969,,Female,
566,402-68-6011,Fidelio,Busse,04/07/1968,fbussefp@theguardian.com,Male,
567,155-76-8619,Kendra,Grandham,09/06/1979,,Female,Structural Engineer
568,659-91-5558,Mary,Chorlton,19/11/1977,mchorltonfr@jalbum.net,Female,Actuary
569,386-46-1880,Iosep,Downton,30/01/1968,idowntonfs@pcworld.com,Male,Civil Engineer
570,352-09-3533,Laverne,Gaggen,27/03/1986,lgaggenft@spotify.com,Female,
571,648-76-6411,Berkley,Burt,07/05/1964,,Male,
572,442-54-4918,Verina,Tippings,25/06/1988,vtippingsfv@gizmodo.com,Female,Developer II
573,675-99-7536,Arluene,Cesaric,09/07/1958,acesaricfw@buzzfeed.com,Female,
574,717-23-8669,Cesya,Thresher,06/11/1991,cthresherfx@mayoclinic.com,Female,Financial Advisor
575,143-30-1555,Tisha,Chesser,19/12/1985,tchesserfy@globo.com,Female,Human Resources Assistant II
576,838-96-9146,Babb,Dibble,08/02/1951,,Female,Research Assistant IV
577,602-44-8768,Fedora,Bathow,25/07/1959,,Female,
578,123-24-8525,Ari,Matthisson,09/05/1973,amatthissong1@aboutads.info,Male,
579,793-20-0091,Shandeigh,Disbrow,26/09/1991,sdisbrowg2@who.int,Female,Media Manager III
580,612-93-6086,Renae,Duffyn,26/02/1950,rduffyng3@twitter.com,Female,
581,246-18-6336,Ruthie,Rowantree,06/11/1958,,Female,Marketing Manager
582,664-30-3825,Kory,Attarge,13/10/1961,,Male,Associate Professor
583,600-94-1349,Wittie,Thieme,04/01/1982,wthiemeg6@wufoo.com,Male,
584,575-11-8607,Theobald,Payfoot,09/01/1987,tpayfootg7@abc.net.au,Male,Paralegal
585,356-91-8317,Benn,Heers,14/10/2000,bheersg8@about.com,Male,Geological Engineer
586,378-31-5304,Leilah,McAtamney,16/03/1953,lmcatamneyg9@stumbleupon.com,Female,Office Assistant I
587,704-74-3245,Harmony,Prozescky,29/09/1982,,Female,Nuclear Power Engineer
588,659-10-1579,Morris,Dreelan,30/04/1954,mdreelangb@qq.com,Male,Project Manager
589,722-36-2791,Bengt,Danielsohn,28/10/1968,bdanielsohngc@samsung.com,Male,Junior Executive
590,652-27-8182,Alberik,Siehard,18/08/1969,asiehardgd@studiopress.com,Male,General Manager
591,733-53-0672,Verine,Tucknutt,10/08/1962,vtucknuttge@accuweather.com,Female,Project Manager
592,550-09-9415,August,Hollyar,02/07/1956,ahollyargf@un.org,Male,
593,741-92-2066,Paula,McCrae,27/07/1978,,Female,
594,209-87-6338,Stinky,Spennock,17/02/1976,sspennockgh@moonfruit.com,Male,Sales Associate
595,138-33-2853,Artie,Sleeford,11/08/1990,asleefordgi@unesco.org,Male,
596,505-21-8517,Scotti,Tulley,14/02/1989,stulleygj@printfriendly.com,Male,Marketing Assistant
597,828-31-0220,Burke,Gadie,12/10/1972,bgadiegk@japanpost.jp,Male,Geological Engineer
598,883-26-0473,Evie,Vasyutkin,08/06/1977,,Female,Editor
599,706-70-4954,Ahmad,Speachley,09/01/1962,aspeachleygm@comsenz.com,Male,Analyst Programmer
600,638-85-1999,Gerhard,Riddall,26/11/1957,griddallgn@newsvine.com,Male,Sales Representative
601,475-55-8609,Astrix,Lipson,10/11/2000,,Female,
602,661-84-0952,Frasquito,Aucoate,12/07/1978,faucoategp@answers.com,Male,Senior Cost Accountant
603,554-92-8496,Hubey,Greenwell,30/06/1992,hgreenwellgq@ft.com,Male,Operator
604,294-94-5714,Jacquelynn,Ludlem,02/10/1984,jludlemgr@trellian.com,Female,Editor
605,748-71-4245,Mahala,Callard,11/08/1952,mcallardgs@paypal.com,Female,
606,808-04-6254,Welbie,O'Shevlan,11/04/1976,woshevlangt@discuz.net,Male,Quality Control Specialist
607,628-65-0217,Ammamaria,Shrive,25/11/1968,,Female,
608,499-63-5578,Grady,Pinhorn,26/12/1990,,Male,Paralegal
609,127-16-4963,Franciska,Snewin,24/10/1962,fsnewingw@sitemeter.com,Female,Editor
610,364-17-8630,Gabriella,Juckes,03/06/1952,gjuckesgx@privacy.gov.au,Female,
611,328-07-8252,Orlan,Fasse,23/03/1982,ofassegy@vistaprint.com,Male,Administrative Officer
612,142-79-6046,Domenico,Barock,02/03/1979,dbarockgz@gizmodo.com,Male,Chief Design Engineer
613,172-32-4787,Mirabella,Moggan,16/02/1985,mmogganh0@rakuten.co.jp,Female,Marketing Manager
614,175-29-4062,Horton,Collington,17/07/1999,hcollingtonh1@npr.org,Male,Programmer Analyst II
615,261-15-6536,Pernell,Bendan,23/05/1955,pbendanh2@paginegialle.it,Male,VP Product Management
616,208-82-8116,Brigg,Perin,21/03/1979,bperinh3@nsw.gov.au,Male,Editor
617,113-98-0616,Tessa,Harmon,16/08/1970,tharmonh4@howstuffworks.com,Female,Associate Professor
618,461-76-0613,Celestyna,Kryszka,20/06/1987,ckryszkah5@macromedia.com,Female,Biostatistician I
619,824-34-9391,Marya,Ilyukhov,09/05/1969,,Female,Account Representative II
620,867-68-6653,Angela,Hiseman,29/05/1987,ahisemanh7@indiatimes.com,Female,Staff Accountant I
621,737-78-7792,Maddie,Unthank,07/01/1970,munthankh8@about.com,Male,Web Developer I
622,243-57-8391,Aristotle,Pactat,10/03/1955,apactath9@shareasale.com,Male,
623,355-43-4239,Selby,Titta,07/11/1976,stittaha@slideshare.net,Male,Assistant Media Planner
624,309-13-2715,Elden,Naulls,22/03/1967,enaullshb@blogtalkradio.com,Male,Web Developer III
625,665-37-6650,Orella,Harhoff,10/02/1951,oharhoffhc@cpanel.net,Female,Statistician I
626,668-79-4921,Lurleen,Rickford,01/09/1967,lrickfordhd@etsy.com,Female,
627,592-99-9999,Anselm,Haller,16/07/1978,ahallerhe@deliciousdays.com,Male,Clinical Specialist
628,102-78-7020,Chev,Spelwood,04/12/1950,cspelwoodhf@altervista.org,Male,Cost Accountant
629,391-86-0206,Nobie,Spikings,12/07/1985,,Male,Database Administrator I
630,180-82-4893,Garald,Cowpertwait,08/02/1970,gcowpertwaithh@pbs.org,Male,Health Coach II
631,891-96-2952,Kimmi,Kemwal,26/02/1980,kkemwalhi@ftc.gov,Female,Sales Representative
632,490-14-9314,Remington,Tainton,23/06/1994,rtaintonhj@ox.ac.uk,Male,Compensation Analyst
633,556-01-6724,Ashil,Schlagh,05/01/1993,aschlaghhk@reference.com,Female,
634,279-84-6581,Eamon,Kisar,13/09/1992,ekisarhl@skyrock.com,Male,Research Nurse
635,114-25-9002,Giffard,Pengelley,15/12/1990,gpengelleyhm@livejournal.com,Male,
636,387-77-7399,Derrek,Dashkov,16/02/1965,ddashkovhn@indiatimes.com,Male,Internal Auditor
637,151-67-2881,Dianna,Basilio,13/02/1990,dbasilioho@wordpress.com,Female,Environmental Specialist
638,293-36-6070,Nikolas,Pebworth,03/12/1964,npebworthhp@who.int,Male,Analog Circuit Design manager
639,399-27-9214,Federico,Eble,20/11/1966,feblehq@sakura.ne.jp,Male,Civil Engineer
640,850-11-0361,Jeanine,Klimkov,29/11/1994,,Female,Developer II
641,450-53-2453,Leslie,Ferandez,14/03/1997,lferandezhs@wikipedia.org,Male,
642,279-77-1826,Liam,Sima,14/09/1994,lsimaht@cdc.gov,Male,Desktop Support Technician
643,360-49-9439,Bellanca,Vittet,29/08/1958,bvittethu@twitter.com,Female,Software Consultant
644,692-25-6075,Lambert,Dallinder,30/09/1968,ldallinderhv@g.co,Male,Speech Pathologist
645,749-47-6559,Bary,Coast,07/05/2001,bcoasthw@storify.com,Male,Administrative Officer
646,135-26-1046,Mick,Braz,30/05/1957,mbrazhx@hugedomains.com,Male,Structural Analysis Engineer
647,220-01-9805,Baxter,Ketteringham,17/04/1977,,Male,Human Resources Manager
648,408-93-1061,Oberon,Pennycook,12/10/1990,opennycookhz@unblog.fr,Male,Physical Therapy Assistant
649,186-18-8846,Lawton,McDuff,01/07/1988,lmcduffi0@smugmug.com,Male,
650,473-17-1678,Garth,O'Cullinane,16/10/1998,,Male,Clinical Specialist
651,476-95-6215,Ellary,Spohr,09/01/1994,espohri2@etsy.com,Male,
652,351-40-5933,Desirae,Pinchen,11/10/1993,dpincheni3@blogspot.com,Female,
653,293-73-4963,Paten,Willeman,28/06/1992,pwillemani4@cyberchimps.com,Male,Systems Administrator III
654,611-98-1817,Boigie,Dominiak,09/06/1979,bdominiaki5@quantcast.com,Male,
655,845-75-6314,Nikolia,Cinelli,03/09/1997,ncinellii6@msn.com,Female,
656,403-49-6976,Arron,Bleibaum,04/06/1991,ableibaumi7@geocities.jp,Male,Actuary
657,302-60-8011,Teodor,Rowlatt,29/04/1996,,Male,Developer II
658,761-20-3686,Otes,Nestle,08/01/1972,onestlei9@vimeo.com,Male,Administrative Officer
659,636-25-3067,Cate,Fillery,20/12/1964,cfilleryia@craigslist.org,Female,Software Test Engineer IV
660,343-72-0263,Aeriel,Coldbathe,06/04/1971,acoldbatheib@cdc.gov,Female,
661,345-61-7476,Viva,Hansie,28/11/1959,vhansieic@stanford.edu,Female,
662,268-38-9986,Dory,Walklett,07/07/2000,dwalklettid@reverbnation.com,Male,Food Chemist
663,139-86-5795,Brett,Bleasdale,20/11/1990,,Female,Marketing Manager
664,726-66-3715,Berni,Tanswill,31/05/1953,btanswillif@discuz.net,Female,Senior Cost Accountant
665,660-88-6610,Krystyna,Easman,17/07/1962,keasmanig@naver.com,Female,Office Assistant IV
666,746-07-5733,Lorena,Perrington,20/08/1972,lperringtonih@reference.com,Female,
667,714-34-9273,Nedda,Montague,05/07/1954,,Female,Financial Analyst
668,568-50-2762,Maye,Aldwich,12/02/1992,maldwichij@disqus.com,Female,Data Coordiator
669,544-71-3394,Aldon,Cheson,12/10/1974,achesonik@spiegel.de,Male,Business Systems Development Analyst
670,564-46-3397,Zedekiah,Gusney,21/04/1993,zgusneyil@usda.gov,Male,
671,581-91-3645,Fifi,Millom,26/08/1997,fmillomim@ucla.edu,Female,Account Representative IV
672,742-02-0982,Talia,Mallows,11/04/1955,tmallowsin@comsenz.com,Female,Design Engineer
673,557-61-2669,Camilla,McPartlin,13/11/1981,cmcpartlinio@blinklist.com,Female,Paralegal
674,817-77-9865,Dorelia,Meader,17/07/1950,dmeaderip@typepad.com,Female,Help Desk Operator
675,455-78-8386,Cherilyn,Mulbery,06/03/1963,,Female,Sales Associate
676,524-13-8595,Neda,Andor,29/11/1977,nandorir@mit.edu,Female,
677,208-98-9173,Katharyn,Pavelka,12/10/1977,,Female,Cost Accountant
678,529-42-7614,Leslie,Schule,14/07/1951,lschuleit@ibm.com,Female,Structural Analysis Engineer
679,723-42-1889,Artie,Rosenzveig,03/03/1978,arosenzveigiu@blogtalkradio.com,Male,
680,258-13-1710,Kalvin,Brammall,27/07/1962,kbrammalliv@quantcast.com,Male,
681,779-24-2770,Darcey,Barrasse,06/09/1964,dbarrasseiw@merriam-webster.com,Female,Senior Editor
682,846-10-4242,Robbin,Grealey,03/09/1975,rgrealeyix@newsvine.com,Female,Staff Scientist
683,133-13-3218,Rufe,Delf,04/04/1987,rdelfiy@mashable.com,Male,Statistician II
684,352-11-1004,Malchy,Mumby,01/06/1997,mmumbyiz@naver.com,Male,Graphic Designer
685,835-02-7506,Laraine,Kinahan,06/10/1954,lkinahanj0@163.com,Female,Database Administrator IV
686,241-50-3562,Petunia,Davidofski,27/02/1965,pdavidofskij1@godaddy.com,Female,Desktop Support Technician
687,173-94-3661,Devlen,Faich,07/01/1976,dfaichj2@ted.com,Male,Senior Financial Analyst
688,516-47-0448,Abby,Chorlton,18/10/1992,achorltonj3@upenn.edu,Female,Dental Hygienist
689,748-80-5458,Therese,Duesbury,15/01/1950,tduesburyj4@dailymail.co.uk,Female,
690,702-99-5330,Lorinda,Capron,17/06/1962,,Female,Health Coach II
691,800-20-3614,Sonia,Matthew,25/10/1985,smatthewj6@free.fr,Female,Financial Advisor
692,842-78-2104,Phil,Antill,21/11/1954,pantillj7@digg.com,Female,
693,125-57-6818,Maure,Minto,07/09/1997,mmintoj8@forbes.com,Female,
694,895-66-4545,Norton,Bainbrigge,27/03/1963,nbainbriggej9@about.com,Male,Safety Technician I
695,873-39-6772,Matthus,Peegrem,05/10/1956,mpeegremja@deviantart.com,Male,Electrical Engineer
696,149-91-1108,Noelyn,Wooffitt,23/07/1990,nwooffittjb@mit.edu,Female,
697,305-70-4933,Haley,Sykes,22/02/1991,,Female,Geologist I
698,470-15-8130,Sidoney,Hallsworth,19/12/1969,shallsworthjd@chron.com,Female,Systems Administrator II
699,109-16-4266,Leah,Bachs,26/08/1969,lbachsje@drupal.org,Female,General Manager
700,632-40-0027,Justino,Worsnip,07/08/1978,jworsnipjf@reddit.com,Male,Structural Engineer
701,762-67-1875,Manuel,McOwen,29/07/1967,mmcowenjg@qq.com,Male,
702,873-57-5399,Cristobal,Dillaway,06/07/1976,,Male,Cost Accountant
703,128-98-7992,Anabella,Roma,04/07/1988,aromaji@stanford.edu,Female,Financial Advisor
704,538-72-9505,Filip,Patroni,11/01/1994,fpatronijj@last.fm,Male,Programmer Analyst IV
705,524-48-1492,Buddie,Adamov,24/08/1956,,Male,Electrical Engineer
706,749-33-0021,Andre,Tower,30/06/2001,atowerjl@umn.edu,Male,Project Manager
707,524-39-0027,Jaquelin,Poore,05/06/1999,jpoorejm@goodreads.com,Female,Accountant III
708,755-75-0494,Trumann,Moroney,05/03/1995,tmoroneyjn@constantcontact.com,Male,Community Outreach Specialist
709,335-56-4949,Haroun,Rapps,30/06/1984,hrappsjo@photobucket.com,Male,Teacher
710,563-30-2909,Fidel,Cancellario,04/06/1951,,Male,
711,808-75-5949,Wildon,Gerrard,21/04/1977,wgerrardjq@washington.edu,Male,Structural Engineer
712,460-55-9628,Georas,Cruikshanks,16/11/1984,gcruikshanksjr@skype.com,Male,
713,275-49-5004,Rana,Eatock,23/07/1969,,Female,Web Developer IV
714,463-19-3220,Farrah,Blinerman,06/12/1956,fblinermanjt@marriott.com,Female,
715,145-79-5565,Adoree,Kleehuhler,28/10/1956,akleehuhlerju@blogspot.com,Female,Programmer Analyst I
716,191-22-3768,Rosanna,Jerrand,23/03/1976,rjerrandjv@gmpg.org,Female,Systems Administrator I
717,108-18-6956,Starla,MacMeeking,09/08/1950,smacmeekingjw@vimeo.com,Female,Systems Administrator I
718,236-71-3466,Kassey,Shanklin,21/01/1977,kshanklinjx@webeden.co.uk,Female,Senior Editor
719,579-30-7427,Lou,McMennum,01/08/1962,,Male,Registered Nurse
720,102-93-0576,Gan,Cannell,05/07/1954,gcannelljz@go.com,Male,
721,525-12-2850,Codi,Larroway,07/02/1998,clarrowayk0@blogtalkradio.com,Male,Editor
722,499-68-2970,Correy,Bidewell,10/09/1959,,Female,Senior Financial Analyst
723,111-28-4559,Aldridge,Bountiff,26/10/1988,abountiffk2@360.cn,Male,Analog Circuit Design manager
724,240-56-5883,Alvis,Lane,16/03/2000,alanek3@nba.com,Male,Engineer I
725,274-77-6856,Fairlie,Winslow,21/08/1997,fwinslowk4@china.com.cn,Male,
726,540-70-1143,Erhart,Munroe,02/09/2000,emunroek5@youtu.be,Male,
727,704-59-6774,Lorrin,Clemencet,14/05/1995,,Female,
728,718-30-6208,Dori,McFie,20/12/1966,dmcfiek7@google.com.hk,Female,Safety Technician II
729,507-78-5591,Marketa,Marrington,18/08/1958,,Female,Technical Writer
730,740-22-6155,Fayth,Bumpas,22/05/1959,,Female,Statistician IV
731,249-41-0943,Branden,Pingston,29/06/2000,bpingstonka@eepurl.com,Male,Nurse
732,500-80-9350,Risa,Cello,15/03/1959,,Female,Account Executive
733,564-93-0067,Amalia,Hackworthy,28/10/1993,,Female,Help Desk Operator
734,134-02-5360,Austen,Filippyev,04/07/1969,afilippyevkd@latimes.com,Male,Physical Therapy Assistant
735,399-32-9484,Francklin,Puckring,02/08/1979,fpuckringke@php.net,Male,
736,209-73-5823,Trstram,Wakelam,12/01/1951,twakelamkf@storify.com,Male,Paralegal
737,471-48-2285,Bernadene,Kosel,14/10/1987,,Female,Quality Engineer
738,799-64-9808,Georas,Hussell,31/10/1980,ghussellkh@over-blog.com,Male,Associate Professor
739,889-45-6782,Blancha,Davidoff,28/01/1989,,Female,VP Product Management
740,526-20-7847,Brandi,Monketon,07/02/2001,bmonketonkj@nbcnews.com,Female,Community Outreach Specialist
741,394-83-5818,Dennie,Ilbert,04/07/1987,dilbertkk@domainmarket.com,Female,
742,687-13-5429,Octavius,Van Castele,02/11/1995,ovancastelekl@sfgate.com,Male,Account Representative I
743,351-47-1020,Winni,Sinderland,08/04/1983,,Female,Software Test Engineer IV
744,552-39-5502,Waneta,Ors,05/04/1971,,Female,Social Worker
745,726-73-0440,Collie,Souza,04/01/1970,,Female,Research Assistant IV
746,569-10-3912,Etienne,Lathleiff,17/08/2001,elathleiffkp@dot.gov,Male,Project Manager
747,133-77-9682,Sileas,Dagger,15/05/1968,,Female,
748,618-41-8830,Marylin,Geroldi,23/07/1977,mgeroldikr@csmonitor.com,Female,Structural Engineer
749,555-85-0961,Cyndie,Medmore,06/02/1982,cmedmoreks@blinklist.com,Female,
750,697-40-7447,Bianka,Moukes,13/05/1983,,Female,Cost Accountant
751,448-62-8486,Marianne,Szymanek,28/02/1958,mszymanekku@newsvine.com,Female,Structural Engineer
752,700-51-8198,Issi,Paulig,22/01/1991,ipauligkv@merriam-webster.com,Female,Programmer Analyst III
753,820-09-3038,Olly,Athowe,17/12/1950,oathowekw@unc.edu,Male,Technical Writer
754,662-98-7614,Charmane,Arnot,22/10/1986,,Female,Sales Associate
755,686-11-2228,Saul,Ponter,25/05/1950,sponterky@livejournal.com,Male,Database Administrator I
756,343-11-5694,Tabb,Itzkovwitch,18/03/1962,titzkovwitchkz@macromedia.com,Male,
757,342-30-3593,Salvidor,Wardington,13/04/2001,,Male,Web Developer II
758,319-82-5360,Ellary,Woolfitt,09/10/1967,ewoolfittl1@ask.com,Male,Marketing Manager
759,282-28-7871,Jessamine,Coomber,27/03/1973,jcoomberl2@github.com,Female,Environmental Tech
760,494-61-2564,Gerladina,Bann,20/01/1975,gbannl3@sitemeter.com,Female,Food Chemist
761,307-90-1149,Bengt,Collinge,23/04/1993,,Male,Payment Adjustment Coordinator
762,833-55-3367,Caro,Androletti,23/07/1974,candrolettil5@walmart.com,Female,Staff Scientist
763,414-23-3645,Dugald,Miquelet,16/04/1992,dmiqueletl6@senate.gov,Male,
764,835-41-5703,Karel,Barnshaw,14/07/1968,kbarnshawl7@csmonitor.com,Male,
765,559-44-0526,Anna,Baser,16/03/1992,,Female,Chief Design Engineer
766,552-19-2449,Emelen,Coopman,19/07/1959,,Male,Analyst Programmer
767,823-05-1007,Alexei,Brodie,23/06/1955,abrodiela@e-recht24.de,Male,Budget/Accounting Analyst IV
768,400-86-9910,Brady,Ourry,06/01/1970,bourrylb@theglobeandmail.com,Male,
769,348-14-5762,Cherilyn,Ateridge,09/07/2000,cateridgelc@washington.edu,Female,
770,736-02-1329,Anna-maria,Domnick,12/12/1955,adomnickld@thetimes.co.uk,Female,Accounting Assistant II
771,444-11-5438,Datha,California,17/10/1959,dcaliforniale@phpbb.com,Female,Senior Financial Analyst
772,461-06-0894,Mandel,Twede,05/01/1993,mtwedelf@angelfire.com,Male,Accounting Assistant I
773,741-49-2318,Dreddy,Dami,30/06/1967,ddamilg@tiny.cc,Female,Executive Secretary
774,164-18-1950,Jeanna,Scarlon,19/01/1972,jscarlonlh@bing.com,Female,Structural Engineer
775,482-41-7373,Dolph,Maccari,25/08/1958,dmaccarili@hubpages.com,Male,Systems Administrator IV
776,809-01-9069,Rodolfo,Synder,05/07/1953,rsynderlj@netscape.com,Male,Database Administrator III
777,768-80-7033,Gwenneth,Lesper,11/10/1988,glesperlk@jugem.jp,Female,Safety Technician III
778,885-65-9927,Deena,Daybell,05/10/1952,ddaybellll@auda.org.au,Female,Operator
779,707-29-5798,Penrod,Marusik,27/10/1963,pmarusiklm@sohu.com,Male,Administrative Assistant I
780,288-47-8037,Renelle,Shervington,03/04/1971,rshervingtonln@netlog.com,Female,Technical Writer
781,311-42-5542,Robers,Tackes,13/10/1954,rtackeslo@sohu.com,Male,Nurse
782,655-26-0158,Blakeley,Surcomb,23/02/1968,bsurcomblp@oaic.gov.au,Female,Database Administrator III
783,280-84-1305,Hamil,Cursey,01/01/1956,hcurseylq@youku.com,Male,
784,434-92-4730,Vonny,Finn,25/09/1969,vfinnlr@vistaprint.com,Female,Statistician II
785,679-41-9984,Isidora,Grabban,20/07/1960,igrabbanls@prnewswire.com,Female,Recruiting Manager
786,525-19-6114,Hyatt,Chesnut,20/09/1999,hchesnutlt@slate.com,Male,Web Designer II
787,688-63-4527,Faustine,Grelik,11/07/1987,fgreliklu@foxnews.com,Female,Electrical Engineer
788,803-50-6138,Gabie,Danihelka,27/04/1956,gdanihelkalv@elpais.com,Female,Speech Pathologist
789,274-50-4306,Kanya,Rosensaft,19/03/1971,,Female,
790,256-15-2584,Bat,Simeonov,18/03/1997,,Male,Administrative Officer
791,179-82-2734,Lucas,Pitkethly,27/07/1966,lpitkethlyly@dedecms.com,Male,Senior Sales Associate
792,437-05-4644,Riva,Thomsen,20/02/1998,rthomsenlz@linkedin.com,Female,Clinical Specialist
793,528-32-4573,Cello,Fenech,05/07/1995,cfenechm0@seattletimes.com,Male,Administrative Assistant III
794,652-95-5904,Ali,Bosden,23/10/1959,abosdenm1@unblog.fr,Male,Recruiting Manager
795,160-64-2872,Portia,Frears,06/07/1978,pfrearsm2@google.ru,Female,
796,599-04-3548,Beth,Siggers,12/06/1986,,Female,
797,748-23-1045,Lavina,Meadmore,02/11/1949,,Female,Assistant Professor
798,504-18-4467,Daniele,Shoebottom,15/05/1994,dshoebottomm5@telegraph.co.uk,Female,Geologist I
799,701-39-5287,Burty,Marcus,11/10/1979,bmarcusm6@chicagotribune.com,Male,Quality Control Specialist
800,799-91-4257,Wendall,Aupol,05/04/1950,waupolm7@mail.ru,Male,Librarian
801,622-83-0831,Halette,Bollins,25/12/1977,hbollinsm8@yahoo.com,Female,Help Desk Operator
802,720-24-1283,Anna-maria,Gopsell,30/01/1952,agopsellm9@telegraph.co.uk,Female,Librarian
803,733-22-9848,Bari,Hawking,06/07/1951,,Female,Help Desk Operator
804,807-58-8973,Benedikta,Naughton,09/10/1963,bnaughtonmb@slashdot.org,Female,Social Worker
805,364-60-8995,Nannie,Chastaing,18/02/1997,nchastaingmc@si.edu,Female,
806,596-93-0627,Shaylyn,Pickles,25/05/1955,spicklesmd@blogspot.com,Female,Financial Analyst
807,512-93-1139,Jonah,Bound,26/05/1994,jboundme@youku.com,Male,Junior Executive
808,749-82-4226,Ron,Cumpton,03/08/1977,,Male,
809,309-50-2793,Rachel,Knightly,23/02/1983,rknightlymg@goo.ne.jp,Female,Executive Secretary
810,867-03-1198,Nate,Bamell,14/11/1967,nbamellmh@yale.edu,Male,Assistant Manager
811,616-75-3738,Jenine,Maasze,20/12/1981,jmaaszemi@salon.com,Female,Research Assistant II
812,749-12-4790,Marrilee,Merner,06/11/1997,mmernermj@wp.com,Female,Data Coordiator
813,463-40-8039,Torin,Hamfleet,29/03/1960,thamfleetmk@stanford.edu,Male,
814,119-70-7671,Flore,Volk,25/07/1996,,Female,Desktop Support Technician
815,735-11-7418,Winne,Bygrove,22/01/1969,wbygrovemm@census.gov,Female,Recruiter
816,341-75-2653,Valma,MacGinley,27/09/1984,vmacginleymn@studiopress.com,Female,
817,265-39-7756,Rica,Siviter,25/08/1964,rsivitermo@addthis.com,Female,Clinical Specialist
818,835-72-6445,Corrie,Drillingcourt,16/01/1952,cdrillingcourtmp@webmd.com,Female,
819,372-35-8540,Belvia,Szachniewicz,11/06/1966,bszachniewiczmq@ted.com,Female,Structural Engineer
820,647-24-4951,Belva,Gillise,14/04/1972,,Female,Executive Secretary
821,406-14-0186,Gasparo,Gindghill,16/12/1966,ggindghillms@ihg.com,Male,VP Sales
822,711-17-1055,Brenna,Caltun,30/10/1973,,Female,Senior Quality Engineer
823,226-55-4759,Joey,Wattins,04/04/1986,jwattinsmu@blog.com,Female,Research Nurse
824,890-59-6560,Devondra,Simoncini,20/12/1984,,Female,Food Chemist
825,549-93-1477,Jyoti,Owttrim,19/03/1957,jowttrimmw@dell.com,Female,Administrative Assistant III
826,523-48-9510,Tabitha,Canter,30/10/1991,tcantermx@sitemeter.com,Female,Staff Accountant IV
827,796-86-4211,Vincenz,Richly,13/08/1960,vrichlymy@wisc.edu,Male,
828,298-89-1699,Hersh,Kern,12/08/1967,,Male,Systems Administrator II
829,506-68-1617,Nancie,Cahan,22/12/1952,ncahann0@freewebs.com,Female,Programmer IV
830,761-66-1035,Carrol,Whatley,24/12/1996,cwhatleyn1@loc.gov,Male,
831,679-79-4406,Neill,McGrayle,21/04/1999,nmcgraylen2@shareasale.com,Male,Human Resources Assistant I
832,514-40-9980,Josephina,Gunney,19/08/1960,,Female,Nuclear Power Engineer
833,545-83-7564,Moe,Aphale,24/12/1988,maphalen4@unblog.fr,Male,Sales Associate
834,806-36-9535,Stefanie,Gulston,29/06/1952,,Female,Staff Scientist
835,490-93-1409,Salim,Chaytor,05/06/1969,schaytorn6@com.com,Male,
836,141-22-7916,Olly,Stolli,22/11/1972,ostollin7@wikimedia.org,Male,VP Product Management
837,521-21-9377,Valma,Hovee,28/02/1954,vhoveen8@purevolume.com,Female,Internal Auditor
838,672-94-3820,Matilde,Markos,14/03/1993,,Female,VP Accounting
839,398-50-0493,Katy,Teacy,04/08/1962,kteacyna@cargocollective.com,Female,Web Designer I
840,206-16-6158,Marv,Merryweather,20/04/1989,,Male,
841,239-50-9440,Siward,Tummond,28/09/1976,stummondnc@usnews.com,Male,
842,752-52-1733,Herrick,Colliford,31/01/1975,hcollifordnd@cafepress.com,Male,
843,631-89-5543,Kinna,Rennock,13/02/1999,krennockne@ning.com,Female,
844,387-10-5021,Talbot,Ranaghan,25/12/1958,tranaghannf@vkontakte.ru,Male,Software Engineer I
845,522-95-5961,Edgardo,McGerraghty,10/05/1957,emcgerraghtyng@163.com,Male,Pharmacist
846,820-15-7152,Linn,Scally,13/08/1990,lscallynh@vk.com,Male,
847,237-91-1979,Berry,Melly,26/01/1956,bmellyni@spotify.com,Female,Pharmacist
848,695-50-4027,Lorrin,Theis,01/07/1960,ltheisnj@zdnet.com,Female,VP Quality Control
849,899-44-7709,Kalil,Petrushanko,10/10/1983,kpetrushankonk@nasa.gov,Male,Payment Adjustment Coordinator
850,192-44-2258,Dennet,Sprowle,24/07/1968,dsprowlenl@yahoo.co.jp,Male,Project Manager
851,551-71-3158,Dimitri,Slatcher,12/03/1983,,Male,Clinical Specialist
852,338-97-5184,Christen,Jirieck,27/04/2001,,Female,Marketing Manager
853,145-66-3249,Bil,Newvell,22/07/1964,bnewvellno@washingtonpost.com,Male,
854,524-68-1594,Nady,Dowker,23/08/1952,ndowkernp@nbcnews.com,Female,Social Worker
855,328-59-3440,Janine,Corder,18/02/1971,jcordernq@walmart.com,Female,Actuary
856,149-56-1939,Dusty,Godbert,24/06/1976,dgodbertnr@who.int,Female,Automation Specialist III
857,419-54-2031,De,Westwood,20/12/1996,dwestwoodns@marketwatch.com,Female,Operator
858,390-43-4255,Vern,Daid,07/05/1975,vdaidnt@ucla.edu,Male,Senior Sales Associate
859,353-44-5770,Rex,Maling,01/01/1980,,Male,Social Worker
860,728-14-3778,Boyd,Godden,12/07/1955,bgoddennv@furl.net,Male,Human Resources Manager
861,177-33-0782,Emmalyn,Hainey,17/12/1949,ehaineynw@tinyurl.com,Female,General Manager
862,209-73-3421,Jordon,Petschelt,26/02/1994,jpetscheltnx@cargocollective.com,Male,Account Coordinator
863,325-31-5455,Kalinda,Tinto,29/11/1968,,Female,
864,682-12-8266,Claudie,Rosenblatt,31/08/1986,crosenblattnz@si.edu,Female,Operator
865,613-08-6241,Izabel,Hudd,26/02/1998,ihuddo0@is.gd,Female,Tax Accountant
866,196-83-9437,Roselin,MacCaghan,21/04/1965,rmaccaghano1@gov.uk,Female,Programmer Analyst I
867,454-32-9911,Piper,Dowbekin,23/06/1980,pdowbekino2@cbc.ca,Female,Research Assistant IV
868,487-93-4021,Bob,Symcoxe,19/10/1972,bsymcoxeo3@hatena.ne.jp,Male,
869,834-34-3747,Mallissa,Pirelli,16/03/1954,mpirellio4@paypal.com,Female,
870,145-80-7684,Fabio,Meader,15/06/1978,fmeadero5@prweb.com,Male,Senior Financial Analyst
871,730-70-1005,Bobby,Etock,27/12/1952,betocko6@prweb.com,Female,Senior Cost Accountant
872,247-11-9761,Alexandros,Pammenter,14/08/1983,apammentero7@epa.gov,Male,VP Sales
873,146-95-0517,Harriet,Legate,01/04/1980,hlegateo8@prlog.org,Female,Product Engineer
874,617-67-6849,Ricki,Josskoviz,08/02/1961,rjosskovizo9@pinterest.com,Male,Information Systems Manager
875,844-80-0021,Miof mela,Bolderstone,30/05/1986,mbolderstoneoa@nih.gov,Female,Geological Engineer
876,300-05-2532,Sarena,Hritzko,26/06/1974,,Female,
877,691-75-0763,Fancie,Gillooly,14/02/1988,fgilloolyoc@4shared.com,Female,Analyst Programmer
878,579-48-0876,Lanae,Moffet,05/02/1967,,Female,Accountant IV
879,750-19-6312,Rora,Rulten,31/10/1962,rrultenoe@fda.gov,Female,
880,133-60-9122,Coletta,Vasilenko,07/06/1954,cvasilenkoof@bravesites.com,Female,
881,447-66-4028,Nikolas,Pavic,12/12/1994,npavicog@nba.com,Male,Research Assistant I
882,447-30-9668,Marcellina,Vlasyuk,15/08/1956,,Female,Systems Administrator III
883,850-05-5771,Hermia,Yter,13/08/1986,hyteroi@adobe.com,Female,Staff Accountant I
884,831-68-1712,Sherman,Laying,18/10/1997,,Male,
885,444-16-8884,Doralin,Simony,03/04/1972,dsimonyok@hubpages.com,Female,Accountant III
886,431-11-9533,Dorie,Nangle,22/08/1975,,Male,Senior Quality Engineer
887,408-95-2998,Leonanie,Chamberlayne,12/03/1965,lchamberlayneom@go.com,Female,Software Consultant
888,333-51-6651,Fenelia,Phillp,29/11/1957,fphillpon@princeton.edu,Female,Software Test Engineer III
889,735-08-8693,Ketty,Dandy,03/12/1991,kdandyoo@archive.org,Female,Desktop Support Technician
890,442-73-6019,Elden,Bruggen,04/11/1996,ebruggenop@businessweek.com,Male,
891,591-20-2794,Lynnette,Jahnel,22/11/1956,ljahneloq@yellowbook.com,Female,
892,154-59-8567,Antony,Moen,28/03/1987,amoenor@cpanel.net,Male,Media Manager II
893,194-23-5355,Lesya,Snepp,31/10/1960,lsneppos@auda.org.au,Female,Sales Associate
894,324-72-8839,Rey,Kornilyev,17/08/1987,,Male,Associate Professor
895,895-35-1393,Morie,Bearn,16/05/1964,mbearnou@nih.gov,Male,Sales Associate
896,216-86-5581,Lenka,Troyes,19/08/1995,ltroyesov@engadget.com,Female,
897,882-72-9318,Dunn,Huckerbe,27/05/1959,,Male,Marketing Manager
898,875-80-0642,Cyndi,Cluer,21/05/1950,,Female,
899,633-77-1215,Clayton,Meredyth,16/08/1956,cmeredythoy@google.de,Male,
900,863-67-5987,See,Kertess,12/02/1951,skertessoz@weibo.com,Male,
901,668-71-6611,Javier,Tabard,30/05/1950,jtabardp0@mapy.cz,Male,VP Sales
902,891-80-6557,Bertrand,Erbain,10/07/1995,berbainp1@loc.gov,Male,Computer Systems Analyst IV
903,358-37-9404,Hayes,Borsay,08/08/1999,hborsayp2@symantec.com,Male,VP Quality Control
904,846-75-2795,Linnie,Benedyktowicz,26/12/1973,lbenedyktowiczp3@slideshare.net,Female,Staff Accountant II
905,191-43-3864,Etta,Cleeve,01/01/1970,,Female,Executive Secretary
906,681-38-8767,Mellisent,Andreasen,24/12/1985,,Female,Staff Scientist
907,828-94-8853,Tallie,Erb,17/06/1980,terbp6@chicagotribune.com,Male,
908,431-40-7371,Gaspar,Bumpass,30/11/1973,,Male,Research Associate
909,128-18-8441,Marlane,Sibary,30/01/2000,msibaryp8@barnesandnoble.com,Female,
910,865-09-6597,Joey,Dredge,16/03/1996,,Male,Administrative Officer
911,486-64-5820,Emylee,Aguilar,03/06/1958,,Female,Assistant Professor
912,533-03-1477,Dolph,Duhig,01/04/1958,dduhigpb@merriam-webster.com,Male,
913,582-44-7560,Rich,McNeillie,01/06/1997,rmcneilliepc@wikipedia.org,Male,Account Executive
914,152-18-4386,Gerrie,Schirach,24/09/1972,gschirachpd@redcross.org,Male,Research Associate
915,855-15-2596,Nat,O'Shavlan,26/02/1977,noshavlanpe@symantec.com,Female,
916,820-86-5893,Hamish,Tournie,19/04/1983,,Male,Automation Specialist II
917,656-76-7765,Alfonso,Pudge,28/06/1968,apudgepg@prnewswire.com,Male,Dental Hygienist
918,155-77-7312,Mariel,Whyler,08/05/1967,mwhylerph@gravatar.com,Female,Geologist I
919,775-15-3835,Gabriellia,Lund,07/02/1971,glundpi@jimdo.com,Female,Marketing Assistant
920,783-56-6035,Salomi,Dredge,21/12/1967,sdredgepj@constantcontact.com,Female,Help Desk Operator
921,551-96-4075,Breanne,Igoe,20/03/1993,bigoepk@telegraph.co.uk,Female,Registered Nurse
922,345-84-8884,Tyrus,Vickress,19/09/1987,tvickresspl@parallels.com,Male,Structural Engineer
923,702-36-4208,Rowan,Dewdney,20/01/1998,rdewdneypm@blinklist.com,Male,Pharmacist
924,148-75-6825,Christopher,Meiklejohn,16/10/1951,,Male,Analog Circuit Design manager
925,756-95-1201,Martelle,Buswell,05/10/1968,mbuswellpo@google.com.hk,Female,Statistician III
926,577-69-2707,Nadeen,Rylatt,14/08/1994,nrylattpp@theatlantic.com,Female,Recruiting Manager
927,548-88-9564,Siusan,O'Tuohy,09/02/1966,,Female,Chemical Engineer
928,851-62-6866,Haven,Kulas,16/12/1985,hkulaspr@gizmodo.com,Male,Biostatistician I
929,258-71-8471,Gabriela,O'Kelly,12/09/1999,gokellyps@uiuc.edu,Female,
930,654-22-4094,Lazar,Rhodef,27/09/1957,lrhodefpt@gravatar.com,Male,Account Executive
931,204-03-9288,Emmery,Weekes,12/02/1975,eweekespu@printfriendly.com,Male,Senior Developer
932,518-12-6458,Dave,Webber,04/04/1952,dwebberpv@cpanel.net,Male,Programmer I
933,371-74-6942,Noreen,Fairlam,10/10/1951,nfairlampw@constantcontact.com,Female,Biostatistician I
934,640-65-7227,Wyndham,Pesic,14/06/1980,wpesicpx@ca.gov,Male,
935,462-11-2572,Faydra,Beane,30/12/1994,fbeanepy@howstuffworks.com,Female,Electrical Engineer
936,374-30-3261,Aylmer,Orrett,08/09/1951,aorrettpz@microsoft.com,Male,Data Coordiator
937,559-35-7337,Romona,Jude,02/02/1984,rjudeq0@usgs.gov,Female,
938,824-18-1393,Kaile,Heine,31/10/1954,,Female,
939,471-88-7182,Janelle,Dalgetty,15/08/1986,jdalgettyq2@deviantart.com,Female,Software Consultant
940,709-72-6861,Rorie,Stack,25/05/1982,rstackq3@simplemachines.org,Female,Dental Hygienist
941,424-61-9949,Barclay,Simunek,11/03/1984,,Male,Sales Associate
942,506-55-6212,Nerta,Martijn,11/10/1965,,Female,Media Manager II
943,664-92-6053,Delcina,Siely,09/11/1953,dsielyq6@go.com,Female,
944,828-95-2436,Sal,Behnke,21/05/1972,sbehnkeq7@delicious.com,Female,
945,607-18-6138,Alphard,Heape,20/01/1958,aheapeq8@feedburner.com,Male,Physical Therapy Assistant
946,577-54-7929,Kylen,Pottage,10/03/1962,kpottageq9@multiply.com,Female,Compensation Analyst
947,679-01-7419,Mordecai,Joncic,28/10/1993,mjoncicqa@tinyurl.com,Male,
948,755-79-3236,Sauveur,Francis,06/09/1959,,Male,Senior Developer
949,356-60-7912,Avivah,Renyard,27/05/2001,arenyardqc@newsvine.com,Female,VP Product Management
950,788-11-9665,Anabel,Bunn,15/07/1980,,Female,Staff Accountant IV
951,319-21-7878,Maurita,Mc Harg,15/02/1993,,Female,
952,893-23-6338,Tyler,Angrock,16/01/1950,tangrockqf@china.com.cn,Male,Electrical Engineer
953,839-37-8553,Templeton,Gaunter,07/02/1961,tgaunterqg@va.gov,Male,Graphic Designer
954,699-68-6850,Randal,Rudgerd,31/07/1954,rrudgerdqh@npr.org,Male,
955,496-53-6640,Conny,Boriston,09/04/1995,cboristonqi@ameblo.jp,Male,
956,435-32-9147,Bald,Castiglioni,04/10/1972,,Male,Technical Writer
957,634-96-4962,Ilsa,Widdup,06/04/1956,,Female,Programmer Analyst III
958,554-34-6551,Jenilee,Marchand,17/11/1967,jmarchandql@tinypic.com,Female,Sales Representative
959,790-37-6769,Margaretha,Woods,08/08/1977,mwoodsqm@examiner.com,Female,
960,818-45-0990,Codi,Crewther,11/03/1967,ccrewtherqn@un.org,Female,Operator
961,347-77-2290,Dael,Drowsfield,12/10/1990,ddrowsfieldqo@ning.com,Female,Editor
962,374-52-2250,Archie,Port,05/12/1961,aportqp@delicious.com,Male,Internal Auditor
963,520-12-8880,Davy,Eddowis,07/03/1968,,Male,Safety Technician IV
964,652-65-8484,Burt,Karlicek,15/04/1987,bkarlicekqr@google.co.uk,Male,Operator
965,175-49-4116,Sabine,Ailmer,28/11/1995,,Female,Editor
966,433-96-6243,Costanza,Stampe,16/07/1977,,Female,Software Engineer I
967,534-19-6206,Nananne,Dobby,24/06/1968,,Female,Executive Secretary
968,770-88-2589,Zared,Juniper,27/05/1957,zjuniperqv@newyorker.com,Male,
969,891-97-5181,Mahmud,Glisenan,28/10/1991,mglisenanqw@cam.ac.uk,Male,Software Engineer IV
970,778-17-1682,Silvanus,Nani,01/06/1974,snaniqx@toplist.cz,Male,
971,356-52-5093,Rosabella,O'Leahy,30/01/1966,roleahyqy@list-manage.com,Female,
972,354-11-2543,Anatollo,Braddon,26/12/1963,abraddonqz@shinystat.com,Male,
973,734-27-1232,Kane,Currm,25/07/1967,,Male,
974,760-18-6662,Terrance,Shory,03/03/1989,tshoryr1@arizona.edu,Male,Food Chemist
975,322-33-6229,Allen,Meagher,03/04/1954,ameagherr2@nifty.com,Male,Environmental Tech
976,707-48-9259,Giana,Barmadier,02/06/1974,gbarmadierr3@netvibes.com,Female,Civil Engineer
977,746-14-1276,Berti,Dunbobin,05/10/1962,bdunbobinr4@stanford.edu,Male,Programmer Analyst I
978,744-83-4530,Ileana,Papaccio,24/07/1973,ipapaccior5@t-online.de,Female,VP Accounting
979,427-82-1551,Germaine,Oldis,26/07/1969,goldisr6@smugmug.com,Female,Chief Design Engineer
980,471-45-0386,Gratiana,Nary,26/02/1978,gnaryr7@howstuffworks.com,Female,Structural Analysis Engineer
981,878-57-5860,Loretta,Orteu,05/04/1991,lorteur8@house.gov,Female,Junior Executive
982,720-20-4850,Burlie,Kluger,10/03/1955,bklugerr9@bloglovin.com,Male,Junior Executive
983,871-47-6673,Noel,Heephy,21/12/1993,nheephyra@livejournal.com,Male,Software Engineer IV
984,475-79-3564,Carmelina,Freyn,05/05/1978,cfreynrb@sciencedaily.com,Female,VP Accounting
985,328-45-1188,Karel,Cohn,04/09/1979,kcohnrc@google.cn,Female,Web Designer IV
986,362-25-6132,Mariya,Vinden,26/08/1959,,Female,Structural Analysis Engineer
987,267-09-4233,La verne,MacCrossan,19/07/1992,lmaccrossanre@psu.edu,Female,Senior Sales Associate
988,511-16-9591,Anya,Wharby,08/05/1972,awharbyrf@google.co.uk,Female,
989,797-20-3506,Alvan,Grayson,28/05/1960,agraysonrg@booking.com,Male,Research Assistant II
990,376-60-8842,Robenia,Buckell,27/04/1978,rbuckellrh@freewebs.com,Female,Geologist IV
991,326-38-6954,Georgine,Grono,29/08/1958,ggronori@who.int,Female,Office Assistant IV
992,826-37-2820,Franklyn,Mutton,22/04/1958,fmuttonrj@umn.edu,Male,Paralegal
993,241-84-9106,Chico,Conroy,19/11/1974,cconroyrk@tiny.cc,Male,Data Coordiator
994,799-23-6942,Rourke,Kynder,13/05/1953,rkynderrl@narod.ru,Male,Web Designer III
995,746-92-4649,Turner,Serrier,21/04/1993,tserrierrm@weebly.com,Male,
996,877-84-7696,Collie,Muffitt,07/02/1952,,Female,Paralegal
997,457-54-9656,Jackelyn,Perrat,30/04/1982,jperratro@histats.com,Female,
998,887-91-0549,Adamo,Artharg,22/01/1962,aarthargrp@vimeo.com,Male,Quality Engineer
999,822-57-0594,Chlo,Butterick,02/09/1997,,Female,VP Product Management
1000,121-09-9268,Sig,Powys,28/06/1957,,Male,Software Engineer I
